,Algorithm,Benchmark,Objective,Features,Classifier,Rows Used,CL,tot_q,memb_q,rec_q,gen_q,top_lvl_q,qgen_q,tfs_q,tfc_q,avg_q_size,avg_gen_time,avg_t,max_t,ml_t_t,ml_p_t,tot_t,conv
gtsudoku_growacq_obj_class_simple_rel_decision_tree_qgen.csv,growacq,gtsudoku,obj_class,simple_rel,decision_tree,All 8,850.25,5318.75,5318.75,0.0,0.0,1382.875,1382.875,3653.5,282.375,20.8648375,0.3953125,0.1140625,2.1357749999999998,9.2490875,8.286925,606.4978874999999,1.0
gtsudoku_growacq_obj_class_rel_dim_logistic_regression_qgen.csv,growacq,gtsudoku,obj_class,rel_dim,logistic_regression,All 8,851.375,4100.0,4100.0,0.0,0.0,1306.625,1306.625,2551.5,241.875,19.14215,0.35465,0.13585,2.3853625000000003,59.142174999999995,18.255025,512.9027249999999,1.0
gtsudoku_growacq_obj_class_rel_dim_block_random_forest_qgen.csv,growacq,gtsudoku,obj_class,rel_dim_block,random_forest,Last 20 of 16,850.5,1692.125,1692.125,0.0,0.0,1417.5,1417.5,237.625,37.0,18.2423625,0.6153375,0.5499375000000001,3.8895,649.2358125000001,25.40435,930.534925,1.0
gtsudoku_growacq_obj_proba2_simple_rel_svm_qgen.csv,growacq,gtsudoku,obj_proba2,simple_rel,svm,All 4,852.5,5746.25,5746.25,0.0,0.0,1261.5,1261.5,4042.5,442.25,20.526775,10.7822,2.4951499999999998,85.95157499999999,13752.256699999998,19.801925,14329.881000000001,1.0
gtsudoku_growacq_obj_proba_rel_dim_svm_qgen.csv,growacq,gtsudoku,obj_proba,rel_dim,svm,All 4,849.5,1957.25,1957.25,0.0,0.0,1429.0,1429.0,455.25,73.0,18.5393,3.153725,2.390925,20.820525,4408.6227,15.374975,4713.586225,1.0
gtsudoku_growacq_obj_proba_simple_rel_logistic_regression_qgen.csv,growacq,gtsudoku,obj_proba,simple_rel,logistic_regression,All 8,849.625,5794.125,5794.125,0.0,0.0,1272.875,1272.875,4107.0,414.25,19.786450000000002,0.3857875,0.09617500000000001,2.1284124999999996,15.7142375,8.188112499999999,557.3977,1.0
gtsudoku_growacq_obj_proba_rel_dim_logistic_regression_qgen.csv,growacq,gtsudoku,obj_proba,rel_dim,logistic_regression,All 8,851.125,3444.125,3444.125,0.0,0.0,1367.875,1367.875,1848.625,227.625,18.4146,0.3115125,0.1528875,2.49345,61.69584999999999,16.3177125,465.499925,1.0
gtsudoku_growacq_obj_class_rel_dim_naive_bayes_qgen.csv,growacq,gtsudoku,obj_class,rel_dim,naive_bayes,All 8,852.5,2970.0,2970.0,0.0,0.0,1498.5,1498.5,1295.625,175.875,18.6976,0.2493,0.14266250000000003,2.324225,30.3905625,16.782937500000003,418.2576125,1.0
gtsudoku_growacq_obj_proba_rel_dim_block_random_forest_qgen.csv,growacq,gtsudoku,obj_proba,rel_dim_block,random_forest,Last 20 of 11,851.75,1684.875,1684.875,0.0,0.0,1432.625,1432.625,212.625,39.625,18.256125,0.61685,0.5591999999999999,3.8591875,655.3192750000001,25.5785375,942.2113875,1.0
gtsudoku_growacq_obj_proba2_simple_rel_logistic_regression_qgen.csv,growacq,gtsudoku,obj_proba2,simple_rel,logistic_regression,All 8,851.0,5772.125,5772.125,0.0,0.0,1277.5,1277.5,4032.375,462.25,20.302075000000002,0.441575,0.1096875,2.2374625000000004,15.961049999999998,8.307612500000001,633.17245,1.0
gtsudoku_growacq_obj_proba2_rel_dim_naive_bayes_qgen.csv,growacq,gtsudoku,obj_proba2,rel_dim,naive_bayes,All 8,849.75,2077.75,2077.75,0.0,0.0,1625.0,1625.0,398.0,54.75,18.1937125,0.2183875,0.18763749999999998,2.445475,33.847325,15.2844125,389.3178375,1.0
gtsudoku_growacq_obj_proba_simple_rel_naive_bayes_qgen.csv,growacq,gtsudoku,obj_proba,simple_rel,naive_bayes,All 8,853.875,4179.875,4179.875,0.0,0.0,2363.5,2363.5,1660.625,155.75,25.519637499999998,0.3813,0.22685,2.153675,15.8433,8.91365,947.7478,1.0
gtsudoku_growacq_obj_proba2_rel_dim_block_naive_bayes_qgen.csv,growacq,gtsudoku,obj_proba2,rel_dim_block,naive_bayes,All 8,852.0,3988.625,3988.625,0.0,0.0,3463.0,3463.0,459.5,66.125,27.90885,0.404925,0.3650375,2.4158625000000002,142.39915000000002,36.8128375,1459.571825,1.0
gtsudoku_growacq_obj_proba2_rel_dim_block_logistic_regression_qgen.csv,growacq,gtsudoku,obj_proba2,rel_dim_block,logistic_regression,All 8,848.75,1658.625,1658.625,0.0,0.0,1437.625,1437.625,187.0,34.0,18.365612499999997,0.30015,0.2831,2.8503,149.0723625,16.596362499999998,469.59107500000005,1.0
gtsudoku_growacq_obj_proba2_rel_dim_decision_tree_qgen.csv,growacq,gtsudoku,obj_proba2,rel_dim,decision_tree,All 8,850.25,1711.75,1711.75,0.0,0.0,1454.0,1454.0,220.75,37.0,18.152625,0.21225,0.199025,2.283175,46.468725,13.5165,340.684125,1.0
gtsudoku_growacq_obj_proba_simple_rel_decision_tree_qgen.csv,growacq,gtsudoku,obj_proba,simple_rel,decision_tree,All 8,851.0,4198.25,4198.25,0.0,0.0,2992.75,2992.75,1053.25,152.25,26.7751625,0.34816250000000004,0.2601875,2.2143625,24.7627375,10.14925,1092.2738749999999,1.0
gtsudoku_growacq_obj_proba2_rel_dim_block_svm_qgen.csv,growacq,gtsudoku,obj_proba2,rel_dim_block,svm,All 5,845.6,1701.0,1701.0,0.0,0.0,1468.0,1468.0,193.8,39.2,18.27108,1.71894,1.55722,10.36828,2341.8985000000002,15.2728,2649.1580599999998,1.0
gtsudoku_growacq_obj_proba2_simple_rel_naive_bayes_qgen.csv,growacq,gtsudoku,obj_proba2,simple_rel,naive_bayes,All 8,850.25,4140.75,4140.75,0.0,0.0,2782.5,2782.5,1184.25,174.0,24.051499999999997,0.1927125,0.1413,2.256925,20.6404625,9.0755375,585.0585000000001,1.0
gtsudoku_growacq_obj_class_simple_rel_naive_bayes_qgen.csv,growacq,gtsudoku,obj_class,simple_rel,naive_bayes,All 8,850.0,5611.0,5611.0,0.0,0.0,1238.625,1238.625,4054.0,318.375,20.18545,0.39692500000000003,0.0984875,2.0749625,7.645312499999999,8.2689625,552.6232,1.0
gtsudoku_growacq_obj_proba_rel_dim_decision_tree_qgen.csv,growacq,gtsudoku,obj_proba,rel_dim,decision_tree,All 8,849.0,1717.625,1717.625,0.0,0.0,1458.25,1458.25,221.375,38.0,18.1347,0.20682499999999998,0.19445,2.3008875,46.35205,13.3826125,333.9789125,1.0
gtsudoku_growacq_obj_proba_rel_dim_block_svm_qgen.csv,growacq,gtsudoku,obj_proba,rel_dim_block,svm,All 4,850.5,1767.25,1767.25,0.0,0.0,1527.25,1527.25,186.25,53.75,18.04285,1.9239249999999999,1.7414749999999999,11.845075,2755.95055,17.706475,3080.9214,1.0
gtsudoku_growacq_obj_class_rel_dim_block_logistic_regression_qgen.csv,growacq,gtsudoku,obj_class,rel_dim_block,logistic_regression,All 8,849.0,1669.75,1669.75,0.0,0.0,1422.0,1422.0,212.375,35.375,18.435575,0.28161250000000004,0.2628375,2.76795,144.899925,16.345174999999998,438.851525,1.0
gtsudoku_growacq_obj_proba2_rel_dim_svm_qgen.csv,growacq,gtsudoku,obj_proba2,rel_dim,svm,All 4,849.0,1852.0,1852.0,0.0,0.0,1466.0,1466.0,338.25,47.75,18.492199999999997,2.990025,2.4562250000000003,20.630975,4266.46095,14.3618,4573.48105,1.0
gtsudoku_growacq_obj_class_rel_dim_block_svm_qgen.csv,growacq,gtsudoku,obj_class,rel_dim_block,svm,All 4,849.5,1741.25,1741.25,0.0,0.0,1497.25,1497.25,194.5,49.5,18.012375,1.744325,1.5725500000000001,11.719024999999998,2441.167475,15.5323,2739.436275,1.0
gtsudoku_growacq_obj_class_rel_dim_random_forest_qgen.csv,growacq,gtsudoku,obj_class,rel_dim,random_forest,Last 20 of 10,851.75,2009.0,2009.0,0.0,0.0,1396.25,1396.25,561.25,51.5,17.8630125,0.626025,0.46735,3.8441125,644.2608125,23.394624999999998,933.4028,1.0
gtsudoku_growacq_obj_class_rel_dim_mlp_qgen.csv,growacq,gtsudoku,obj_class,rel_dim,mlp,All 8,852.0,2232.5,2232.5,0.0,0.0,1386.125,1386.125,771.125,75.25,17.700375,1.1401,0.7492749999999999,6.5536875,1389.2915625,10.9002625,1673.5454625,1.0
gtsudoku_growacq_obj_class_simple_rel_mlp_qgen.csv,growacq,gtsudoku,obj_class,simple_rel,mlp,All 8,849.75,5375.125,5375.125,0.0,0.0,1348.25,1348.25,3740.0,286.875,20.718725,0.6088125,0.165825,3.2700125,345.824125,6.1575625,891.299825,1.0
gtsudoku_growacq_obj_proba2_rel_dim_logistic_regression_qgen.csv,growacq,gtsudoku,obj_proba2,rel_dim,logistic_regression,All 8,850.125,3008.5,3008.5,0.0,0.0,1470.125,1470.125,1359.75,178.625,18.531375,0.29805000000000004,0.17225000000000001,2.3817250000000003,66.6312,15.838112500000001,477.5645,1.0
gtsudoku_growacq_obj_proba2_simple_rel_decision_tree_qgen.csv,growacq,gtsudoku,obj_proba2,simple_rel,decision_tree,All 8,848.75,4170.875,4170.875,0.0,0.0,2868.125,2868.125,1143.0,159.75,24.272912500000004,0.20962499999999998,0.156,2.1813625,24.5025875,9.0474875,650.407,1.0
gtsudoku_growacq_obj_proba2_rel_dim_block_random_forest_qgen.csv,growacq,gtsudoku,obj_proba2,rel_dim_block,random_forest,Last 20 of 20,849.25,1662.5,1662.5,0.0,0.0,1427.5,1427.5,200.875,34.125,18.357225,0.633575,0.579375,3.8656625,658.6899874999999,26.029787499999998,963.1432125,1.0
gtsudoku_growacq_obj_proba_simple_rel_random_forest_qgen.csv,growacq,gtsudoku,obj_proba,simple_rel,random_forest,All 8,851.25,4146.125,4146.125,0.0,0.0,2966.125,2966.125,1026.625,153.375,26.668637500000003,0.6031375,0.44708749999999997,2.8732249999999997,811.99805,32.490925000000004,1852.2254874999999,1.0
gtsudoku_growacq_obj_proba2_rel_dim_random_forest_qgen.csv,growacq,gtsudoku,obj_proba2,rel_dim,random_forest,Last 20 of 11,850.75,1748.875,1748.875,0.0,0.0,1459.125,1459.125,250.375,39.375,18.390900000000002,0.619825,0.5499875000000001,3.8388125,667.3102,23.6917875,961.812475,1.0
gtsudoku_growacq_obj_proba_rel_dim_random_forest_qgen.csv,growacq,gtsudoku,obj_proba,rel_dim,random_forest,All 8,850.25,1814.5,1814.5,0.0,0.0,1442.625,1442.625,323.875,48.0,18.2553875,0.62785,0.53175,3.9548375,671.9766875,24.154525,964.5114625,1.0
gtsudoku_growacq_obj_proba_simple_rel_mlp_qgen.csv,growacq,gtsudoku,obj_proba,simple_rel,mlp,All 8,851.875,4277.0,4277.0,0.0,0.0,2605.625,2605.625,1509.25,162.125,25.7348875,0.5991875,0.38006249999999997,3.6260375,754.3561625,6.6540625,1623.8817,1.0
gtsudoku_growacq_obj_proba_rel_dim_mlp_qgen.csv,growacq,gtsudoku,obj_proba,rel_dim,mlp,All 8,851.5,2068.25,2068.25,0.0,0.0,1446.0,1446.0,555.5,66.75,17.793075,1.1427,0.84295,7.086925,1462.4360000000001,11.013024999999999,1745.8262249999998,1.0
gtsudoku_growacq_obj_class_rel_dim_decision_tree_qgen.csv,growacq,gtsudoku,obj_class,rel_dim,decision_tree,All 8,849.75,1711.625,1711.625,0.0,0.0,1458.125,1458.125,216.5,37.0,18.012325,0.209225,0.196975,2.3264750000000003,46.676500000000004,13.4088875,337.129725,1.0
gtsudoku_growacq_obj_proba2_simple_rel_random_forest_qgen.csv,growacq,gtsudoku,obj_proba2,simple_rel,random_forest,All 8,850.5,4234.375,4234.375,0.0,0.0,2879.5,2879.5,1187.0,167.875,24.287325,0.45458750000000003,0.3237875,2.9154625000000003,761.7851125,30.306825000000003,1370.7150000000001,1.0
gtsudoku_growacq_obj_proba2_rel_dim_block_decision_tree_qgen.csv,growacq,gtsudoku,obj_proba2,rel_dim_block,decision_tree,All 8,851.25,1676.875,1676.875,0.0,0.0,1452.875,1452.875,187.75,36.25,18.188425,0.2221125,0.2124875,2.4716625,67.9323125,15.545312500000001,356.290425,1.0
gtsudoku_growacq_obj_proba2_simple_rel_mlp_qgen.csv,growacq,gtsudoku,obj_proba2,simple_rel,mlp,All 8,851.0,4236.0,4236.0,0.0,0.0,2708.25,2708.25,1358.125,169.625,23.6603,0.4664625,0.3125,3.3784,773.36045,6.0990625000000005,1323.0331,1.0
gtsudoku_growacq_obj_proba_rel_dim_block_logistic_regression_qgen.csv,growacq,gtsudoku,obj_proba,rel_dim_block,logistic_regression,All 8,850.0,1656.75,1656.75,0.0,0.0,1437.5,1437.5,184.75,34.5,18.2871375,0.2822,0.2679625,2.7878875,144.6322375,16.385025,443.9126,1.0
gtsudoku_growacq_obj_class_rel_dim_block_naive_bayes_qgen.csv,growacq,gtsudoku,obj_class,rel_dim_block,naive_bayes,All 8,852.0,4151.75,4151.75,0.0,0.0,3264.375,3264.375,759.25,128.125,26.6208,0.350825,0.289775,2.3977625,137.34376250000003,35.146,1207.02235,1.0
gtsudoku_growacq_obj_proba_rel_dim_naive_bayes_qgen.csv,growacq,gtsudoku,obj_proba,rel_dim,naive_bayes,All 8,853.375,2653.75,2653.75,0.0,0.0,1674.625,1674.625,820.625,158.5,17.9154625,0.22923749999999998,0.1631,2.314875,34.52335,17.4052625,425.6625375,1.0
gtsudoku_growacq_obj_class_rel_dim_block_decision_tree_qgen.csv,growacq,gtsudoku,obj_class,rel_dim_block,decision_tree,All 8,851.0,1677.0,1677.0,0.0,0.0,1451.0,1451.0,189.75,36.25,18.096487500000002,0.2210125,0.2113,2.3549625,68.05532500000001,15.496925000000001,354.29281249999997,1.0
gtsudoku_growacq_obj_class_simple_rel_random_forest_qgen.csv,growacq,gtsudoku,obj_class,simple_rel,random_forest,All 8,850.625,5347.5,5347.5,0.0,0.0,1381.625,1381.625,3665.375,300.5,20.670987500000003,0.6112875,0.1715875,2.8775250000000003,337.22005,18.811725,917.4623125,1.0
gtsudoku_growacq_obj_class_rel_dim_block_mlp_qgen.csv,growacq,gtsudoku,obj_class,rel_dim_block,mlp,All 8,850.75,1877.625,1877.625,0.0,0.0,1408.0,1408.0,424.5,45.125,18.6001375,0.5468625,0.4396125,3.81295,542.4609,13.6555875,824.9484875,1.0
gtsudoku_growacq_obj_proba2_rel_dim_mlp_qgen.csv,growacq,gtsudoku,obj_proba2,rel_dim,mlp,All 8,849.5,1954.625,1954.625,0.0,0.0,1493.375,1493.375,408.125,53.125,17.8130875,1.1521875,0.9265,6.5491875,1510.5771625000002,10.978212500000001,1814.164375,1.0
gtsudoku_growacq_obj_class_rel_dim_svm_qgen.csv,growacq,gtsudoku,obj_class,rel_dim,svm,All 4,849.0,2326.75,2326.75,0.0,0.0,1380.75,1380.75,839.5,106.5,19.32345,2.820325,1.74185,18.121475,3779.075775,14.286125000000002,4081.647175,1.0
gtsudoku_growacq_obj_proba_rel_dim_block_decision_tree_qgen.csv,growacq,gtsudoku,obj_proba,rel_dim_block,decision_tree,All 8,852.5,1670.5,1670.5,0.0,0.0,1447.625,1447.625,188.0,34.875,18.1544125,0.2230375,0.213475,2.3956125,67.694125,15.466175,356.60080000000005,1.0
gtsudoku_growacq_obj_proba_rel_dim_block_mlp_qgen.csv,growacq,gtsudoku,obj_proba,rel_dim_block,mlp,All 8,850.0,1759.5,1759.5,0.0,0.0,1414.625,1414.625,303.375,41.5,18.564225,0.5420375,0.4659875,4.0394000000000005,541.5635125,13.481349999999999,819.7483500000001,1.0
gtsudoku_growacq_obj_class_simple_rel_logistic_regression_qgen.csv,growacq,gtsudoku,obj_class,simple_rel,logistic_regression,All 8,850.25,5715.875,5715.875,0.0,0.0,1222.375,1222.375,4135.0,358.5,19.74035,0.40013750000000003,0.0967875,2.22985,15.424225,8.0885875,553.297675,1.0
gtsudoku_growacq_obj_proba2_rel_dim_block_mlp_qgen.csv,growacq,gtsudoku,obj_proba2,rel_dim_block,mlp,All 8,849.0,1719.875,1719.875,0.0,0.0,1427.375,1427.375,257.625,34.875,18.4112625,0.558,0.49422499999999997,3.771575,556.1222375,13.6084625,850.0113875,1.0
gtsudoku_growacq_obj_proba_rel_dim_block_naive_bayes_qgen.csv,growacq,gtsudoku,obj_proba,rel_dim_block,naive_bayes,All 8,850.75,4213.0,4213.0,0.0,0.0,3329.875,3329.875,758.375,124.75,27.066275,0.3643375,0.3018875,2.4516999999999998,141.35377499999998,36.208037499999996,1275.2267375,1.0
sudoku_growacq_obj_class_rel_dim_svm_qgen.csv,growacq,sudoku,obj_class,rel_dim,svm,All 4,810.0,1798.75,1798.75,0.0,0.0,1424.25,1424.25,324.25,50.25,17.7073,2.29535,1.8806250000000002,15.0381,3190.3262250000002,14.082425,3427.4755999999998,1.0
sudoku_growacq_obj_proba2_simple_rel_decision_tree_qgen.csv,growacq,sudoku,obj_proba2,simple_rel,decision_tree,All 8,810.0,3905.5,3905.5,0.0,0.0,2903.75,2903.75,876.625,125.125,24.474175000000002,0.2051375,0.164375,2.2702625000000003,23.813112500000003,8.8699,641.546875,1.0
sudoku_growacq_obj_proba2_rel_dim_random_forest_qgen.csv,growacq,sudoku,obj_proba2,rel_dim,random_forest,Last 20 of 11,810.0,1528.75,1528.75,0.0,0.0,1481.0,1481.0,43.125,4.625,17.2871875,0.539275,0.556,3.7207999999999997,604.023975,23.189075,849.922125,1.0
sudoku_growacq_obj_proba2_rel_dim_mlp_qgen.csv,growacq,sudoku,obj_proba2,rel_dim,mlp,All 8,810.0,1712.0,1712.0,0.0,0.0,1527.375,1527.375,168.0,16.625,16.932699999999997,1.06995,1.0049625,6.5203125,1460.8484374999998,10.589625,1720.16175,1.0
sudoku_growacq_obj_proba_simple_rel_random_forest_qgen.csv,growacq,sudoku,obj_proba,simple_rel,random_forest,All 8,810.0,3936.75,3936.75,0.0,0.0,3085.5,3085.5,728.875,122.375,27.686612500000003,0.620725,0.5016125,2.8237875,791.482175,33.2877625,1974.585275,1.0
sudoku_growacq_obj_proba2_rel_dim_block_logistic_regression_qgen.csv,growacq,sudoku,obj_proba2,rel_dim_block,logistic_regression,All 8,810.0,1444.875,1444.875,0.0,0.0,1436.625,1436.625,6.5,1.75,17.423575,0.264425,0.287175,2.98485,135.86939999999998,15.8707,414.92016249999995,1.0
sudoku_growacq_obj_proba_rel_dim_block_logistic_regression_qgen.csv,growacq,sudoku,obj_proba,rel_dim_block,logistic_regression,All 8,810.0,1461.75,1461.75,0.0,0.0,1439.0,1439.0,17.625,5.125,17.463625,0.23735,0.2578125,2.8726249999999998,136.55489999999998,15.965625,376.8355375,1.0
sudoku_growacq_obj_proba2_rel_dim_block_svm_qgen.csv,growacq,sudoku,obj_proba2,rel_dim_block,svm,All 8,810.0,1492.25,1492.25,0.0,0.0,1468.125,1468.125,14.0,10.125,17.191699999999997,1.1389,1.180875,7.051025,1496.0396500000002,14.476437500000001,1762.15035,1.0
sudoku_growacq_obj_proba_rel_dim_block_random_forest_qgen.csv,growacq,sudoku,obj_proba,rel_dim_block,random_forest,Last 20 of 12,810.0,1475.0,1475.0,0.0,0.0,1441.25,1441.25,24.625,9.125,17.3542,0.51715,0.540675,3.589125,568.4223999999999,24.6386875,797.439225,1.0
sudoku_growacq_obj_proba_rel_dim_logistic_regression_qgen.csv,growacq,sudoku,obj_proba,rel_dim,logistic_regression,All 8,810.0,3330.125,3330.125,0.0,0.0,1362.75,1362.75,1770.0,197.375,17.556075,0.2735625,0.14511249999999998,2.4935,70.047725,15.253237500000001,411.63082499999996,1.0
sudoku_growacq_obj_class_rel_dim_naive_bayes_qgen.csv,growacq,sudoku,obj_class,rel_dim,naive_bayes,All 8,810.0,4011.75,4011.75,0.0,0.0,3266.5,3266.5,627.625,117.625,26.877699999999997,0.37515,0.318525,2.3072749999999997,75.6542,28.515412500000004,1277.88125,1.0
sudoku_growacq_obj_class_simple_rel_logistic_regression_qgen.csv,growacq,sudoku,obj_class,simple_rel,logistic_regression,All 8,810.0,5677.5,5677.5,0.0,0.0,1227.375,1227.375,4113.0,337.125,19.0095375,0.35182500000000005,0.08725,2.1960124999999997,15.56175,8.154462500000001,495.45115,1.0
sudoku_growacq_obj_class_simple_rel_random_forest_qgen.csv,growacq,sudoku,obj_class,simple_rel,random_forest,All 8,810.0,5263.5,5263.5,0.0,0.0,1381.125,1381.125,3633.625,248.75,20.24025,0.5487249999999999,0.1570125,2.8766625,314.62251249999997,18.108225,826.410825,1.0
sudoku_growacq_obj_proba_rel_dim_block_svm_qgen.csv,growacq,sudoku,obj_proba,rel_dim_block,svm,All 4,810.0,1511.25,1511.25,0.0,0.0,1469.5,1469.5,29.0,12.75,17.147775,1.196725,1.2278000000000002,8.576275,1606.170425,15.263224999999998,1855.357325,1.0
sudoku_growacq_obj_class_rel_dim_random_forest_qgen.csv,growacq,sudoku,obj_class,rel_dim,random_forest,Last 20 of 10,810.0,1818.75,1818.75,0.0,0.0,1410.0,1410.0,384.75,24.0,16.6989625,0.5322625,0.4456,3.632825,573.258475,22.5945,803.8123125,1.0
sudoku_growacq_obj_proba2_simple_rel_svm_qgen.csv,growacq,sudoku,obj_proba2,simple_rel,svm,All 4,810.0,5689.0,5689.0,0.0,0.0,1257.25,1257.25,4018.5,413.25,19.8833,8.411825,1.962525,60.227824999999996,10613.992475,17.6879,11158.302075,1.0
sudoku_growacq_obj_class_rel_dim_block_svm_qgen.csv,growacq,sudoku,obj_class,rel_dim_block,svm,All 8,810.0,1503.25,1503.25,0.0,0.0,1458.625,1458.625,30.875,13.75,17.234275000000004,1.074025,1.1000999999999999,6.9505375,1420.6736999999998,14.424025,1653.2316,1.0
sudoku_growacq_obj_proba2_rel_dim_block_decision_tree_qgen.csv,growacq,sudoku,obj_proba2,rel_dim_block,decision_tree,All 8,810.0,1459.875,1459.875,0.0,0.0,1442.0,1442.0,14.5,3.375,17.391275,0.17126249999999998,0.1897625,2.3534875,49.409800000000004,14.360937499999999,277.02635,1.0
sudoku_growacq_obj_proba_rel_dim_decision_tree_qgen.csv,growacq,sudoku,obj_proba,rel_dim,decision_tree,All 8,810.0,1492.375,1492.375,0.0,0.0,1452.875,1452.875,33.125,6.375,17.2882,0.1658375,0.18130000000000002,2.3728375,37.152375,12.675374999999999,270.543175,1.0
sudoku_growacq_obj_proba2_simple_rel_logistic_regression_qgen.csv,growacq,sudoku,obj_proba2,simple_rel,logistic_regression,All 8,810.0,5748.375,5748.375,0.0,0.0,1268.125,1268.125,4048.0,432.25,20.062150000000003,0.423425,0.1050875,2.2467499999999996,15.671175000000002,8.225737500000001,604.0860250000001,1.0
sudoku_growacq_obj_proba2_rel_dim_naive_bayes_qgen.csv,growacq,sudoku,obj_proba2,rel_dim,naive_bayes,All 8,810.0,3504.625,3504.625,0.0,0.0,3308.75,3308.75,169.875,26.0,27.898962500000003,0.41328750000000003,0.4036125,2.4761375,76.8082625,27.914312499999998,1413.5114374999998,1.0
sudoku_growacq_obj_class_rel_dim_block_random_forest_qgen.csv,growacq,sudoku,obj_class,rel_dim_block,random_forest,Last 20 of 20,810.0,1483.125,1483.125,0.0,0.0,1434.25,1434.25,41.875,7.0,17.235312500000003,0.51515,0.5332874999999999,3.60425,567.2796625000001,24.50215,790.88195,1.0
sudoku_growacq_obj_class_simple_rel_mlp_qgen.csv,growacq,sudoku,obj_class,simple_rel,mlp,All 8,810.0,5212.375,5212.375,0.0,0.0,1365.125,1365.125,3595.5,251.75,20.049575,0.5373375,0.15365,2.8669874999999996,312.1016875,5.863275,800.4646625,1.0
sudoku_growacq_obj_class_rel_dim_logistic_regression_qgen.csv,growacq,sudoku,obj_class,rel_dim,logistic_regression,All 8,810.0,3792.75,3792.75,0.0,0.0,1334.875,1334.875,2257.25,200.625,17.9532125,0.30957500000000004,0.1395875,2.4943125,69.4058,17.6727375,457.181575,1.0
sudoku_growacq_obj_proba_rel_dim_mlp_qgen.csv,growacq,sudoku,obj_proba,rel_dim,mlp,All 8,810.0,1819.125,1819.125,0.0,0.0,1472.5,1472.5,311.625,35.0,16.87595,1.0240125,0.8764125,6.8785125,1368.0499,10.2975375,1593.4017125,1.0
sudoku_growacq_obj_proba_rel_dim_block_decision_tree_qgen.csv,growacq,sudoku,obj_proba,rel_dim_block,decision_tree,All 8,810.0,1458.125,1458.125,0.0,0.0,1437.75,1437.75,15.875,4.5,17.3806625,0.17246250000000002,0.19111250000000002,2.379375,50.0135625,14.7371375,278.669625,1.0
sudoku_growacq_obj_proba_rel_dim_block_naive_bayes_qgen.csv,growacq,sudoku,obj_proba,rel_dim_block,naive_bayes,All 8,810.0,4029.5,4029.5,0.0,0.0,3278.5,3278.5,630.625,120.375,27.122812500000002,0.4094375,0.34672500000000006,2.372425,139.8578375,33.095325,1396.81065,1.0
sudoku_growacq_obj_class_simple_rel_decision_tree_qgen.csv,growacq,sudoku,obj_class,simple_rel,decision_tree,All 8,810.0,5266.625,5266.625,0.0,0.0,1379.875,1379.875,3635.125,251.625,20.320349999999998,0.351,0.1028625,2.1925375000000003,8.801874999999999,8.002475,541.8014874999999,1.0
sudoku_growacq_obj_class_rel_dim_decision_tree_qgen.csv,growacq,sudoku,obj_class,rel_dim,decision_tree,All 8,810.0,1505.25,1505.25,0.0,0.0,1452.75,1452.75,45.25,7.25,17.2882125,0.1654625,0.1795,2.330775,37.1807125,12.7613375,270.21263749999997,1.0
sudoku_growacq_obj_proba2_rel_dim_block_naive_bayes_qgen.csv,growacq,sudoku,obj_proba2,rel_dim_block,naive_bayes,All 8,810.0,4017.0,4017.0,0.0,0.0,3272.0,3272.0,624.875,120.125,27.237537500000002,0.4124375,0.34921250000000004,2.4162624999999998,138.7967625,32.686325,1402.712825,1.0
sudoku_growacq_obj_proba2_rel_dim_block_mlp_qgen.csv,growacq,sudoku,obj_proba2,rel_dim_block,mlp,All 8,810.0,1468.5,1468.5,0.0,0.0,1435.125,1435.125,30.875,2.5,17.3297375,0.553525,0.5770375,3.9829999999999997,607.1688374999999,13.025675,847.3499125000001,1.0
sudoku_growacq_obj_proba_rel_dim_naive_bayes_qgen.csv,growacq,sudoku,obj_proba,rel_dim,naive_bayes,All 8,810.0,4055.375,4055.375,0.0,0.0,3296.75,3296.75,636.5,122.125,27.0461375,0.37995,0.3218625,2.3552625000000003,76.6758375,28.928975,1305.316325,1.0
sudoku_growacq_obj_class_rel_dim_block_decision_tree_qgen.csv,growacq,sudoku,obj_class,rel_dim_block,decision_tree,All 8,810.0,1463.0,1463.0,0.0,0.0,1440.5,1440.5,18.125,4.375,17.3846375,0.1723875,0.19077500000000003,2.362425,50.272149999999996,14.7066375,279.0734,1.0
sudoku_growacq_obj_proba_simple_rel_logistic_regression_qgen.csv,growacq,sudoku,obj_proba,simple_rel,logistic_regression,All 8,810.0,5769.75,5769.75,0.0,0.0,1278.625,1278.625,4083.5,407.625,19.2394,0.34447500000000003,0.0877125,2.1785875,15.5653875,8.137899999999998,506.0206,1.0
sudoku_growacq_obj_proba2_rel_dim_logistic_regression_qgen.csv,growacq,sudoku,obj_proba2,rel_dim,logistic_regression,All 8,810.0,2802.5,2802.5,0.0,0.0,1468.0,1468.0,1187.875,146.625,17.671325,0.27465,0.17595,2.5336499999999997,76.828525,14.874500000000001,440.12812499999995,1.0
sudoku_growacq_obj_proba_simple_rel_naive_bayes_qgen.csv,growacq,sudoku,obj_proba,simple_rel,naive_bayes,All 8,810.0,4070.125,4070.125,0.0,0.0,3311.125,3311.125,636.5,122.5,27.0802625,0.3719125,0.314125,2.1554124999999997,24.4805625,10.15035,1278.3740125,1.0
sudoku_growacq_obj_proba2_rel_dim_block_random_forest_qgen.csv,growacq,sudoku,obj_proba2,rel_dim_block,random_forest,Last 20 of 20,810.0,1458.5,1458.5,0.0,0.0,1444.5,1444.5,9.0,5.0,17.353250000000003,0.560775,0.5931500000000001,3.697875,610.0513625,26.6382625,865.118825,1.0
sudoku_growacq_obj_proba_rel_dim_random_forest_qgen.csv,growacq,sudoku,obj_proba,rel_dim,random_forest,Last 20 of 10,810.0,1624.625,1624.625,0.0,0.0,1468.625,1468.625,136.25,19.75,17.130850000000002,0.5371625,0.517575,3.59905,598.2533875,23.26745,840.8747999999999,1.0
sudoku_growacq_obj_class_rel_dim_mlp_qgen.csv,growacq,sudoku,obj_class,rel_dim,mlp,All 8,810.0,1954.125,1954.125,0.0,0.0,1412.375,1412.375,503.25,38.5,16.524025,1.0257125,0.7864125000000001,6.8520875,1313.4415625,10.2615625,1536.0744875,1.0
sudoku_growacq_obj_class_rel_dim_block_naive_bayes_qgen.csv,growacq,sudoku,obj_class,rel_dim_block,naive_bayes,All 8,810.0,4046.125,4046.125,0.0,0.0,3270.875,3270.875,651.25,124.0,27.1274875,0.40242500000000003,0.3390875,2.3848375,140.9026,33.1330625,1371.1037999999999,1.0
sudoku_growacq_obj_proba2_rel_dim_svm_qgen.csv,growacq,sudoku,obj_proba2,rel_dim,svm,All 4,810.0,1588.5,1588.5,0.0,0.0,1450.75,1450.75,122.0,15.75,17.240275,2.037,1.938075,14.38665,2848.57665,11.684525,3087.38555,1.0
sudoku_growacq_obj_proba_simple_rel_mlp_qgen.csv,growacq,sudoku,obj_proba,simple_rel,mlp,All 8,810.0,3956.0,3956.0,0.0,0.0,3040.5,3040.5,796.0,119.5,27.457587500000002,0.6301,0.4986625,2.9963875,822.8543125000001,6.9563875,1972.8915625,1.0
sudoku_growacq_obj_proba2_simple_rel_random_forest_qgen.csv,growacq,sudoku,obj_proba2,simple_rel,random_forest,All 8,810.0,3916.875,3916.875,0.0,0.0,2897.0,2897.0,893.375,126.5,24.4452375,0.43356249999999996,0.33526249999999996,2.865075,720.3413499999999,29.836875,1312.677425,1.0
sudoku_growacq_obj_class_rel_dim_block_logistic_regression_qgen.csv,growacq,sudoku,obj_class,rel_dim_block,logistic_regression,All 8,810.0,1477.875,1477.875,0.0,0.0,1440.875,1440.875,29.25,7.75,17.390249999999998,0.23696250000000002,0.2549625,2.8597875000000004,137.63701250000003,15.9062125,376.78235,1.0
sudoku_growacq_obj_proba2_rel_dim_decision_tree_qgen.csv,growacq,sudoku,obj_proba2,rel_dim,decision_tree,All 8,810.0,1505.0,1505.0,0.0,0.0,1452.5,1452.5,45.25,7.25,17.253425,0.165825,0.17985,2.368375,36.8480625,12.9055625,270.7038875,1.0
sudoku_growacq_obj_proba2_simple_rel_naive_bayes_qgen.csv,growacq,sudoku,obj_proba2,simple_rel,naive_bayes,All 8,810.0,4038.5,4038.5,0.0,0.0,3319.0,3319.0,604.125,115.375,27.3183,0.37336250000000004,0.3185125,2.2188499999999998,24.599162500000002,10.1729875,1285.7496,1.0
sudoku_growacq_obj_proba_rel_dim_svm_qgen.csv,growacq,sudoku,obj_proba,rel_dim,svm,All 4,810.0,1689.0,1689.0,0.0,0.0,1438.0,1438.0,215.25,35.75,17.446350000000002,2.325175,2.048125,18.128425,3272.3241999999996,12.933050000000001,3502.2179750000005,1.0
sudoku_growacq_obj_class_rel_dim_block_mlp_qgen.csv,growacq,sudoku,obj_class,rel_dim_block,mlp,All 8,810.0,1536.875,1536.875,0.0,0.0,1436.25,1436.25,89.625,11.0,17.302262499999998,0.529825,0.52955,4.0642499999999995,595.6084125,12.8217875,813.744475,1.0
sudoku_growacq_obj_class_simple_rel_naive_bayes_qgen.csv,growacq,sudoku,obj_class,simple_rel,naive_bayes,All 8,810.0,4023.5,4023.5,0.0,0.0,3304.375,3304.375,604.75,114.375,27.1858875,0.3689375,0.3147375,2.2377124999999998,24.264775,10.089625,1265.4613625,1.0
sudoku_growacq_obj_proba2_simple_rel_mlp_qgen.csv,growacq,sudoku,obj_proba2,simple_rel,mlp,All 8,810.0,3881.5,3881.5,0.0,0.0,2889.25,2889.25,864.25,128.0,24.528325000000002,0.434025,0.33719999999999994,2.8732,751.35025,5.821937500000001,1308.511475,1.0
sudoku_growacq_obj_proba_simple_rel_decision_tree_qgen.csv,growacq,sudoku,obj_proba,simple_rel,decision_tree,All 8,810.0,3908.75,3908.75,0.0,0.0,3075.125,3075.125,713.25,120.375,27.6985625,0.3899625,0.3188125,2.2008625000000004,24.1929375,9.8729625,1246.004475,1.0
sudoku_growacq_obj_proba_rel_dim_block_mlp_qgen.csv,growacq,sudoku,obj_proba,rel_dim_block,mlp,All 8,810.0,1504.75,1504.75,0.0,0.0,1433.375,1433.375,64.125,7.25,17.3867,0.5298875000000001,0.540025,4.0998625,595.3943375,12.7890875,812.53415,1.0
exam_timetable_growacq_obj_proba_rel_dim_block_logistic_regression_qgen.csv,growacq,exam_timetable,obj_proba,rel_dim_block,logistic_regression,All 8,1071.875,1436.375,1436.375,0.0,0.0,1242.0,1242.0,139.75,54.625,18.281374999999997,0.3665875,0.33745,2.8171375000000003,61.643075,13.41715,484.5937,1.0
exam_timetable_growacq_obj_proba_rel_dim_logistic_regression_qgen.csv,growacq,exam_timetable,obj_proba,rel_dim,logistic_regression,All 8,1063.75,2417.625,2417.625,0.0,0.0,1235.875,1235.875,960.75,221.0,15.9691875,0.4065625,0.2532875,2.69695,39.1353625,16.0227625,545.9382375,1.0
exam_timetable_growacq_obj_proba_rel_dim_block_random_forest_qgen.csv,growacq,exam_timetable,obj_proba,rel_dim_block,random_forest,Last 20 of 11,1074.25,1676.25,1676.25,0.0,0.0,1224.875,1224.875,356.0,95.375,17.5984875,0.58875,0.4537625,3.1664624999999997,335.81275000000005,20.7616125,760.4824125,1.0
exam_timetable_growacq_obj_proba2_rel_dim_block_mlp_qgen.csv,growacq,exam_timetable,obj_proba2,rel_dim_block,mlp,All 8,1073.875,1466.125,1466.125,0.0,0.0,1255.375,1255.375,164.625,46.125,18.867325,0.5176125,0.4656125,3.2064749999999997,280.91623749999997,10.859375,682.639275,1.0
exam_timetable_growacq_obj_proba_rel_dim_block_mlp_qgen.csv,growacq,exam_timetable,obj_proba,rel_dim_block,mlp,All 8,1071.375,1500.75,1500.75,0.0,0.0,1235.125,1235.125,208.25,57.375,18.266725,0.5203,0.45062500000000005,3.1785125,273.24385,10.4177,676.064975,1.0
exam_timetable_growacq_obj_proba2_rel_dim_block_decision_tree_qgen.csv,growacq,exam_timetable,obj_proba2,rel_dim_block,decision_tree,All 8,1068.25,1727.75,1727.75,0.0,0.0,1223.0,1223.0,396.125,108.625,17.3751,0.3546875,0.2691125,2.5659750000000003,24.3066125,13.498075,464.7298,1.0
exam_timetable_growacq_obj_class_rel_dim_logistic_regression_qgen.csv,growacq,exam_timetable,obj_class,rel_dim,logistic_regression,All 8,1053.25,3228.375,3228.375,0.0,0.0,1137.0,1137.0,1756.25,335.125,14.8050625,0.5358375,0.23428749999999998,2.6538500000000003,34.66545000000001,17.9055125,645.0611625,1.0
exam_timetable_growacq_obj_class_simple_rel_logistic_regression_qgen.csv,growacq,exam_timetable,obj_class,simple_rel,logistic_regression,All 8,1044.25,5087.625,5087.625,0.0,0.0,1046.875,1046.875,3439.75,601.0,11.573825,0.7216499999999999,0.1633125,2.434575,7.0898375,9.6092,830.001975,1.0
exam_timetable_growacq_obj_class_rel_dim_mlp_qgen.csv,growacq,exam_timetable,obj_class,rel_dim,mlp,All 8,1070.375,1681.75,1681.75,0.0,0.0,1217.625,1217.625,363.125,101.0,17.3181125,0.7290625000000001,0.5520625,3.6582125,514.7535,9.4157875,929.4201375,1.0
exam_timetable_growacq_obj_proba2_simple_rel_decision_tree_qgen.csv,growacq,exam_timetable,obj_proba2,simple_rel,decision_tree,All 8,1069.75,1795.125,1795.125,0.0,0.0,1674.75,1674.75,95.75,24.625,21.2337125,0.3628,0.35352500000000003,2.4105499999999997,7.38575,6.52685,634.630875,1.0
exam_timetable_growacq_obj_class_rel_dim_block_random_forest_qgen.csv,growacq,exam_timetable,obj_class,rel_dim_block,random_forest,Last 20 of 16,1051.375,1783.125,1783.125,0.0,0.0,1221.125,1221.125,429.5,132.5,16.94135,0.5987,0.4330875,3.2239875,335.926475,20.6075625,771.6800875,1.0
exam_timetable_growacq_obj_class_simple_rel_random_forest_qgen.csv,growacq,exam_timetable,obj_class,simple_rel,random_forest,All 8,1068.375,1693.125,1693.125,0.0,0.0,1222.25,1222.25,368.625,102.25,17.7352,0.516175,0.392425,2.8384,234.2257125,13.9792625,664.3452374999999,1.0
exam_timetable_growacq_obj_class_rel_dim_block_mlp_qgen.csv,growacq,exam_timetable,obj_class,rel_dim_block,mlp,All 8,1070.875,1654.125,1654.125,0.0,0.0,1222.25,1222.25,340.625,91.25,17.503362499999998,0.532875,0.4153875,3.2108125,268.646775,10.595274999999999,686.9115125,1.0
exam_timetable_growacq_obj_proba2_rel_dim_mlp_qgen.csv,growacq,exam_timetable,obj_proba2,rel_dim,mlp,All 8,1074.75,1433.125,1433.125,0.0,0.0,1261.375,1261.375,127.125,44.625,18.9893375,0.7175625,0.6576875,3.7075250000000004,538.931225,9.590187499999999,943.942575,1.0
exam_timetable_growacq_obj_proba_simple_rel_naive_bayes_qgen.csv,growacq,exam_timetable,obj_proba,simple_rel,naive_bayes,All 8,1053.5,2751.875,2751.875,0.0,0.0,1766.125,1766.125,774.375,211.375,19.5348125,0.46265,0.3123125,2.3914125,7.9012875000000005,8.869787500000001,859.0651124999999,1.0
exam_timetable_growacq_obj_proba2_rel_dim_naive_bayes_qgen.csv,growacq,exam_timetable,obj_proba2,rel_dim,naive_bayes,All 8,1064.125,2112.0,2112.0,0.0,0.0,1615.625,1615.625,376.25,120.125,17.43395,0.370975,0.301825,2.6169,20.174687499999997,22.9403125,642.9563,1.0
exam_timetable_growacq_obj_proba_simple_rel_mlp_qgen.csv,growacq,exam_timetable,obj_proba,simple_rel,mlp,All 8,1068.125,1815.875,1815.875,0.0,0.0,1280.375,1280.375,428.0,107.5,17.9935875,0.5053875,0.3741375,2.9108124999999996,217.5281,3.9226374999999996,679.4962625000001,1.0
exam_timetable_growacq_obj_class_simple_rel_naive_bayes_qgen.csv,growacq,exam_timetable,obj_class,simple_rel,naive_bayes,All 8,1040.625,5011.375,5011.375,0.0,0.0,1049.125,1049.125,3378.625,583.625,11.712150000000001,0.7053125,0.161975,2.4266875,4.202999999999999,9.4727,811.218725,1.0
exam_timetable_growacq_obj_class_rel_dim_decision_tree_qgen.csv,growacq,exam_timetable,obj_class,rel_dim,decision_tree,All 8,1067.875,1734.375,1734.375,0.0,0.0,1223.875,1223.875,402.75,107.75,17.4631125,0.352875,0.2672375,2.5157125000000002,19.266112500000002,13.10695,463.2713,1.0
exam_timetable_growacq_obj_proba2_rel_dim_decision_tree_qgen.csv,growacq,exam_timetable,obj_proba2,rel_dim,decision_tree,All 8,1065.0,1735.25,1735.25,0.0,0.0,1223.125,1223.125,400.75,111.375,17.291449999999998,0.3519875,0.26617500000000005,2.6154375,19.187537499999998,13.0416,461.8816625,1.0
exam_timetable_growacq_obj_class_rel_dim_naive_bayes_qgen.csv,growacq,exam_timetable,obj_class,rel_dim,naive_bayes,All 8,1061.5,2898.125,2898.125,0.0,0.0,1306.25,1306.25,1259.875,332.0,15.083549999999999,0.428975,0.2163125,2.6181375000000005,17.137324999999997,18.079125,614.7466125000001,1.0
exam_timetable_growacq_obj_proba_rel_dim_svm_qgen.csv,growacq,exam_timetable,obj_proba,rel_dim,svm,All 4,1070.0,1735.25,1735.25,0.0,0.0,1222.25,1222.25,397.5,115.5,17.119825000000002,1.259625,0.91845,7.4527,1152.752575,13.722024999999999,1595.92555,1.0
exam_timetable_growacq_obj_proba_simple_rel_random_forest_qgen.csv,growacq,exam_timetable,obj_proba,simple_rel,random_forest,All 8,1069.0,1644.875,1644.875,0.0,0.0,1282.75,1282.75,292.5,69.625,18.2076125,0.50295,0.41175,2.8674749999999998,243.66787499999998,14.768725,676.8240375,1.0
exam_timetable_growacq_obj_proba_rel_dim_random_forest_qgen.csv,growacq,exam_timetable,obj_proba,rel_dim,random_forest,All 8,1070.625,1708.75,1708.75,0.0,0.0,1221.875,1221.875,382.625,104.25,17.415,0.6017874999999999,0.45347499999999996,3.283025,343.497025,20.397075,774.998775,1.0
exam_timetable_growacq_obj_proba2_simple_rel_logistic_regression_qgen.csv,growacq,exam_timetable,obj_proba2,simple_rel,logistic_regression,All 8,1063.625,2209.625,2209.625,0.0,0.0,1402.375,1402.375,632.25,175.0,17.67655,0.3333375,0.2273375,2.481075,9.0409125,5.5257125,501.8646,1.0
exam_timetable_growacq_obj_proba2_simple_rel_svm_qgen.csv,growacq,exam_timetable,obj_proba2,simple_rel,svm,All 4,1068.75,2210.5,2210.5,0.0,0.0,1485.5,1485.5,572.5,152.5,18.043449999999996,2.1861749999999995,1.51365,14.457525,2853.182225,7.26695,3345.8565750000002,1.0
exam_timetable_growacq_obj_proba2_rel_dim_block_logistic_regression_qgen.csv,growacq,exam_timetable,obj_proba2,rel_dim_block,logistic_regression,All 8,1074.25,1451.25,1451.25,0.0,0.0,1267.375,1267.375,137.75,46.125,19.0122375,0.36162500000000003,0.33558750000000004,2.80045,60.34295,13.656699999999999,486.9942375,1.0
exam_timetable_growacq_obj_proba2_rel_dim_block_naive_bayes_qgen.csv,growacq,exam_timetable,obj_proba2,rel_dim_block,naive_bayes,All 8,1073.625,2107.75,2107.75,0.0,0.0,1959.875,1959.875,106.75,41.125,20.3272,0.44442499999999996,0.42922499999999997,2.610575,37.2963125,27.0758625,904.6867625,1.0
exam_timetable_growacq_obj_class_rel_dim_random_forest_qgen.csv,growacq,exam_timetable,obj_class,rel_dim,random_forest,Last 20 of 10,1042.75,1875.125,1875.125,0.0,0.0,1208.0,1208.0,504.625,162.5,16.399124999999998,0.5917125,0.4051125,3.1710000000000003,331.1737875,19.4396375,756.6790625,1.0
exam_timetable_growacq_obj_proba2_simple_rel_naive_bayes_qgen.csv,growacq,exam_timetable,obj_proba2,simple_rel,naive_bayes,All 8,1062.75,2371.25,2371.25,0.0,0.0,1945.75,1945.75,350.375,75.125,21.455212500000002,0.39644999999999997,0.3397875,2.4628625,7.7640125,8.626462499999999,805.38845,1.0
exam_timetable_growacq_obj_proba2_rel_dim_svm_qgen.csv,growacq,exam_timetable,obj_proba2,rel_dim,svm,All 4,1077.75,1644.0,1644.0,0.0,0.0,1255.75,1255.75,314.5,73.75,17.9609,1.2108,0.9604250000000001,7.45005,1152.7034,13.491825,1576.0582250000002,1.0
exam_timetable_growacq_obj_class_rel_dim_svm_qgen.csv,growacq,exam_timetable,obj_class,rel_dim,svm,All 4,1021.75,2121.0,2121.0,0.0,0.0,1199.0,1199.0,699.0,223.0,15.120849999999999,1.085925,0.638025,5.8171,942.2074500000001,12.501125000000002,1359.0597500000001,1.0
exam_timetable_growacq_obj_class_simple_rel_mlp_qgen.csv,growacq,exam_timetable,obj_class,simple_rel,mlp,All 8,1064.75,1931.25,1931.25,0.0,0.0,1197.625,1197.625,568.625,165.0,15.8739875,0.5041375,0.3307875,2.9874625,202.509,3.4520125000000004,638.6890625,1.0
exam_timetable_growacq_obj_proba2_rel_dim_random_forest_qgen.csv,growacq,exam_timetable,obj_proba2,rel_dim,random_forest,Last 20 of 11,1077.25,1449.125,1449.125,0.0,0.0,1230.125,1230.125,175.125,43.875,18.601575,0.583375,0.519775,3.20735,344.39291249999997,20.140449999999998,753.26485,1.0
exam_timetable_growacq_obj_class_rel_dim_block_naive_bayes_qgen.csv,growacq,exam_timetable,obj_class,rel_dim_block,naive_bayes,All 8,1073.5,2130.5,2130.5,0.0,0.0,1957.625,1957.625,127.125,45.75,20.26245,0.4451,0.4252625,2.576,37.974824999999996,27.207387500000003,905.9919875,1.0
exam_timetable_growacq_obj_class_rel_dim_block_svm_qgen.csv,growacq,exam_timetable,obj_class,rel_dim_block,svm,All 4,1067.75,1531.75,1531.75,0.0,0.0,1225.75,1225.75,209.5,96.5,17.108999999999998,0.707425,0.5921249999999999,4.337775000000001,503.121775,12.646925,906.758125,1.0
exam_timetable_growacq_obj_proba_rel_dim_block_naive_bayes_qgen.csv,growacq,exam_timetable,obj_proba,rel_dim_block,naive_bayes,All 8,1074.5,2112.625,2112.625,0.0,0.0,1958.375,1958.375,115.375,38.875,20.335437499999998,0.44453750000000003,0.42828750000000004,2.6157500000000002,37.675625,27.2618,904.5995625,1.0
exam_timetable_growacq_obj_proba_rel_dim_block_svm_qgen.csv,growacq,exam_timetable,obj_proba,rel_dim_block,svm,All 4,1071.0,1414.25,1414.25,0.0,0.0,1241.75,1241.75,117.25,55.25,18.317175,0.69365,0.635775,4.257325,497.4184,12.618974999999999,899.0263750000001,1.0
exam_timetable_growacq_obj_proba_simple_rel_decision_tree_qgen.csv,growacq,exam_timetable,obj_proba,simple_rel,decision_tree,All 8,1070.125,1659.375,1659.375,0.0,0.0,1283.0,1283.0,307.875,68.5,18.222500000000004,0.3341375,0.27383749999999996,2.465,5.662675,4.7362375,454.2901875,1.0
exam_timetable_growacq_obj_proba2_rel_dim_block_svm_qgen.csv,growacq,exam_timetable,obj_proba2,rel_dim_block,svm,Last 20 of 12,1075.75,1447.25,1447.25,0.0,0.0,1260.5,1260.5,147.375,39.375,18.7623,0.68055,0.6183375,4.126625,487.3864125,13.050062500000001,894.5314,1.0
exam_timetable_growacq_obj_proba_rel_dim_decision_tree_qgen.csv,growacq,exam_timetable,obj_proba,rel_dim,decision_tree,All 8,1074.25,1715.75,1715.75,0.0,0.0,1221.25,1221.25,393.625,100.875,17.525775000000003,0.34724999999999995,0.2650875,2.6590125,18.9375875,13.1232625,454.81921250000005,1.0
exam_timetable_growacq_obj_proba_rel_dim_naive_bayes_qgen.csv,growacq,exam_timetable,obj_proba,rel_dim,naive_bayes,All 8,1059.25,2536.75,2536.75,0.0,0.0,1557.375,1557.375,635.5,343.875,15.8845875,0.38395,0.25850000000000006,2.5323,20.1086125,22.9352875,652.2737500000001,1.0
exam_timetable_growacq_obj_proba2_simple_rel_mlp_qgen.csv,growacq,exam_timetable,obj_proba2,simple_rel,mlp,All 8,1067.75,1730.0,1730.0,0.0,0.0,1308.375,1308.375,340.75,80.875,18.1676125,0.4881,0.38685,2.8401750000000003,207.38608749999997,3.7512,669.1588875,1.0
exam_timetable_growacq_obj_proba_rel_dim_block_decision_tree_qgen.csv,growacq,exam_timetable,obj_proba,rel_dim_block,decision_tree,All 8,1066.75,1732.125,1732.125,0.0,0.0,1222.375,1222.375,398.625,111.125,17.2817875,0.3555375,0.269475,2.70545,24.630962500000003,13.537175000000001,466.0988375,1.0
exam_timetable_growacq_obj_proba_simple_rel_logistic_regression_qgen.csv,growacq,exam_timetable,obj_proba,simple_rel,logistic_regression,All 8,1050.25,2594.0,2594.0,0.0,0.0,1133.875,1133.875,1121.875,338.25,14.92445,0.3748875,0.1807125,2.4659250000000004,8.300449999999998,5.0006625,468.1744625,1.0
exam_timetable_growacq_obj_proba2_rel_dim_logistic_regression_qgen.csv,growacq,exam_timetable,obj_proba2,rel_dim,logistic_regression,All 8,1068.125,1984.5,1984.5,0.0,0.0,1466.375,1466.375,392.625,125.5,18.098062499999997,0.3689375,0.3012625,2.644975,44.51975,17.5761125,579.572825,1.0
exam_timetable_growacq_obj_proba2_rel_dim_block_random_forest_qgen.csv,growacq,exam_timetable,obj_proba2,rel_dim_block,random_forest,Last 20 of 20,1075.875,1474.25,1474.25,0.0,0.0,1225.875,1225.875,198.0,50.375,18.3879125,0.5795375,0.5064124999999999,3.1671875,337.5374375,20.768662499999998,746.5286375000001,1.0
exam_timetable_growacq_obj_class_rel_dim_block_logistic_regression_qgen.csv,growacq,exam_timetable,obj_class,rel_dim_block,logistic_regression,All 8,1071.5,1587.75,1587.75,0.0,0.0,1227.75,1227.75,272.625,87.375,17.5391375,0.377025,0.311575,2.85915,61.0917125,13.5931,494.386075,1.0
exam_timetable_growacq_obj_class_simple_rel_decision_tree_qgen.csv,growacq,exam_timetable,obj_class,simple_rel,decision_tree,All 8,1068.75,1683.75,1683.75,0.0,0.0,1219.75,1219.75,363.625,100.375,17.7509375,0.34606250000000005,0.266625,2.4962,5.585925,4.5117875,448.85287500000004,1.0
exam_timetable_growacq_obj_proba_rel_dim_mlp_qgen.csv,growacq,exam_timetable,obj_proba,rel_dim,mlp,All 8,1066.125,1476.25,1476.25,0.0,0.0,1242.375,1242.375,163.75,70.125,17.800800000000002,0.6986125,0.6131375000000001,3.5835375000000003,511.704575,9.444637499999999,906.9449875,1.0
exam_timetable_growacq_obj_proba2_simple_rel_random_forest_qgen.csv,growacq,exam_timetable,obj_proba2,simple_rel,random_forest,All 8,1069.75,1787.0,1787.0,0.0,0.0,1667.375,1667.375,94.0,25.625,21.1815375,0.5192125000000001,0.5032375,2.820225,304.4034875,18.520325,899.2618749999999,1.0
exam_timetable_growacq_obj_class_rel_dim_block_decision_tree_qgen.csv,growacq,exam_timetable,obj_class,rel_dim_block,decision_tree,All 8,1065.0,1740.875,1740.875,0.0,0.0,1224.125,1224.125,404.0,112.75,17.2922,0.36044999999999994,0.2717125,2.5918875000000003,24.806874999999998,13.4832125,472.90035,1.0
jsudoku_growacq_obj_class_rel_dim_naive_bayes_qgen.csv,growacq,jsudoku,obj_class,rel_dim,naive_bayes,All 8,811.0,4122.0,4122.0,0.0,0.0,3228.375,3228.375,757.375,136.25,26.582449999999998,0.428,0.348225,2.5510625,74.28631250000001,28.4812,1435.3899999999999,1.0
jsudoku_growacq_obj_proba_rel_dim_random_forest_qgen.csv,growacq,jsudoku,obj_proba,rel_dim,random_forest,All 8,811.0,1925.5,1925.5,0.0,0.0,1482.125,1482.125,396.125,47.25,18.530412499999997,0.5851124999999999,0.47945,3.9765749999999995,640.0627125,24.061275000000002,923.4837749999999,1.0
jsudoku_growacq_obj_proba_simple_rel_logistic_regression_qgen.csv,growacq,jsudoku,obj_proba,simple_rel,logistic_regression,All 8,811.0,5811.625,5811.625,0.0,0.0,1274.625,1274.625,4155.75,381.25,19.360025,0.3652375,0.0912375,2.4471625,15.5836,8.028012499999999,530.162525,1.0
jsudoku_growacq_obj_proba_rel_dim_svm_qgen.csv,growacq,jsudoku,obj_proba,rel_dim,svm,All 4,811.0,2273.75,2273.75,0.0,0.0,1476.25,1476.25,711.5,86.0,19.502,2.5172499999999998,1.6890749999999999,17.815525,3584.292225,14.867774999999998,3882.35265,1.0
jsudoku_growacq_obj_class_simple_rel_random_forest_qgen.csv,growacq,jsudoku,obj_class,simple_rel,random_forest,All 8,811.0,5457.75,5457.75,0.0,0.0,1358.75,1358.75,3808.375,290.625,20.1585375,0.579425,0.1572875,3.0302125,313.08916250000004,18.3522875,858.47495,1.0
jsudoku_growacq_obj_proba_rel_dim_block_mlp_qgen.csv,growacq,jsudoku,obj_proba,rel_dim_block,mlp,All 8,811.0,2106.0,2106.0,0.0,0.0,1434.5,1434.5,623.75,47.75,18.9787125,0.5244625,0.383475,4.1074125,535.5172125,13.311499999999999,807.3635125,1.0
jsudoku_growacq_obj_class_rel_dim_logistic_regression_qgen.csv,growacq,jsudoku,obj_class,rel_dim,logistic_regression,All 8,811.0,3949.25,3949.25,0.0,0.0,1320.25,1320.25,2416.375,212.625,19.54765,0.32889999999999997,0.13695000000000002,2.7005749999999997,67.71055,17.6411875,481.16302500000006,1.0
jsudoku_growacq_obj_class_rel_dim_block_random_forest_qgen.csv,growacq,jsudoku,obj_class,rel_dim_block,random_forest,Last 20 of 16,811.0,1975.75,1975.75,0.0,0.0,1426.375,1426.375,504.0,45.375,18.775875,0.5992249999999999,0.462975,4.1587499999999995,644.1325,25.1548125,914.3530625,1.0
jsudoku_growacq_obj_proba2_simple_rel_decision_tree_qgen.csv,growacq,jsudoku,obj_proba2,simple_rel,decision_tree,All 8,811.0,4087.375,4087.375,0.0,0.0,2889.375,2889.375,1045.375,152.625,24.410787499999998,0.20955,0.1599375,2.4235625,23.820162500000002,8.958962499999998,653.70105,1.0
jsudoku_growacq_obj_class_rel_dim_block_mlp_qgen.csv,growacq,jsudoku,obj_class,rel_dim_block,mlp,All 8,811.0,2315.375,2315.375,0.0,0.0,1398.25,1398.25,855.375,61.75,19.324574999999996,0.530825,0.3454125,3.98895,519.8792125,13.630299999999998,799.3889750000001,1.0
jsudoku_growacq_obj_proba_rel_dim_logistic_regression_qgen.csv,growacq,jsudoku,obj_proba,rel_dim,logistic_regression,All 8,811.0,3460.5,3460.5,0.0,0.0,1350.75,1350.75,1900.625,209.125,18.6429875,0.2910125,0.1431625,2.7304000000000004,70.1214625,15.40805,434.4165125,1.0
jsudoku_growacq_obj_class_rel_dim_decision_tree_qgen.csv,growacq,jsudoku,obj_class,rel_dim,decision_tree,All 8,811.0,1881.875,1881.875,0.0,0.0,1500.125,1500.125,352.125,29.625,18.914700000000003,0.190425,0.169075,2.4901375000000003,39.773574999999994,13.2690625,318.226925,1.0
jsudoku_growacq_obj_proba2_rel_dim_block_svm_qgen.csv,growacq,jsudoku,obj_proba2,rel_dim_block,svm,All 4,811.0,1962.5,1962.5,0.0,0.0,1678.0,1678.0,259.5,25.0,18.533250000000002,2.0956,1.8671749999999998,13.67685,3325.466625,15.534074999999998,3664.16655,1.0
jsudoku_growacq_obj_proba2_rel_dim_block_random_forest_qgen.csv,growacq,jsudoku,obj_proba2,rel_dim_block,random_forest,Last 20 of 20,811.0,1766.5,1766.5,0.0,0.0,1562.625,1562.625,186.625,17.25,18.018275,0.6306625,0.59135,4.1287875,724.2166125000001,27.56485,1044.519025,1.0
jsudoku_growacq_obj_proba2_rel_dim_logistic_regression_qgen.csv,growacq,jsudoku,obj_proba2,rel_dim,logistic_regression,All 8,811.0,2921.875,2921.875,0.0,0.0,1448.75,1448.75,1316.875,156.25,18.8819,0.30184999999999995,0.18183749999999999,2.7321,75.924825,15.0195875,477.5401375,1.0
jsudoku_growacq_obj_proba_rel_dim_block_random_forest_qgen.csv,growacq,jsudoku,obj_proba,rel_dim_block,random_forest,Last 20 of 11,811.0,1880.5,1880.5,0.0,0.0,1538.125,1538.125,305.375,37.0,18.385962499999998,0.6155875,0.5347875,3.9951749999999997,691.0045250000001,26.303424999999997,1005.30665,1.0
jsudoku_growacq_obj_proba_simple_rel_random_forest_qgen.csv,growacq,jsudoku,obj_proba,simple_rel,random_forest,All 8,811.0,4015.625,4015.625,0.0,0.0,3035.625,3035.625,847.125,132.875,27.2747,0.677575,0.5270125,3.1056375000000003,774.6381375,32.665975,2116.5399125,1.0
jsudoku_growacq_obj_proba2_simple_rel_svm_qgen.csv,growacq,jsudoku,obj_proba2,simple_rel,svm,All 4,811.0,5919.25,5919.25,0.0,0.0,1266.0,1266.0,4209.5,443.75,20.024025,8.246025,1.8598500000000002,61.728350000000006,10422.309225,17.988675,11000.379350000001,1.0
jsudoku_growacq_obj_proba_simple_rel_mlp_qgen.csv,growacq,jsudoku,obj_proba,simple_rel,mlp,All 8,811.0,4063.75,4063.75,0.0,0.0,2981.375,2981.375,937.75,144.625,27.031125,0.653575,0.4941625,3.2911124999999997,814.76335,6.9549375,2007.8233500000001,1.0
jsudoku_growacq_obj_proba2_rel_dim_random_forest_qgen.csv,growacq,jsudoku,obj_proba2,rel_dim,random_forest,Last 20 of 11,811.0,1759.75,1759.75,0.0,0.0,1507.75,1507.75,235.75,16.25,18.110599999999998,0.5890374999999999,0.5353375,3.940175,649.6687125,23.611325,942.464225,1.0
jsudoku_growacq_obj_class_rel_dim_block_logistic_regression_qgen.csv,growacq,jsudoku,obj_class,rel_dim_block,logistic_regression,All 8,811.0,2139.625,2139.625,0.0,0.0,1424.25,1424.25,658.0,57.375,19.9020125,0.2830875,0.2082,3.0575375,147.1713125,16.8091125,445.39336249999997,1.0
jsudoku_growacq_obj_proba2_rel_dim_block_logistic_regression_qgen.csv,growacq,jsudoku,obj_proba2,rel_dim_block,logistic_regression,All 8,811.0,1810.0,1810.0,0.0,0.0,1531.75,1531.75,265.125,13.125,18.4909875,0.29435,0.26990000000000003,3.1058375,161.58280000000002,16.324025,488.481,1.0
jsudoku_growacq_obj_proba2_rel_dim_mlp_qgen.csv,growacq,jsudoku,obj_proba2,rel_dim,mlp,All 8,811.0,1901.375,1901.375,0.0,0.0,1538.0,1538.0,335.5,27.875,18.2439375,1.0445000000000002,0.890025,6.0912500000000005,1388.1810375,10.7363875,1690.2381375,1.0
jsudoku_growacq_obj_class_rel_dim_mlp_qgen.csv,growacq,jsudoku,obj_class,rel_dim,mlp,All 8,811.0,2225.5,2225.5,0.0,0.0,1400.25,1400.25,755.0,70.25,19.186025,1.01705,0.681125,6.355275,1246.1253000000002,10.8623875,1511.2818625,1.0
jsudoku_growacq_obj_proba2_rel_dim_naive_bayes_qgen.csv,growacq,jsudoku,obj_proba2,rel_dim,naive_bayes,All 8,811.0,3777.125,3777.125,0.0,0.0,3235.75,3235.75,459.625,81.75,27.478925,0.4135875,0.3675625,2.625975,74.88989999999998,27.830225,1388.0527875,1.0
jsudoku_growacq_obj_proba_rel_dim_block_logistic_regression_qgen.csv,growacq,jsudoku,obj_proba,rel_dim_block,logistic_regression,All 8,811.0,1965.25,1965.25,0.0,0.0,1494.875,1494.875,428.875,41.5,19.222,0.27236249999999995,0.22765000000000002,3.07575,155.4392375,16.4422,447.3273125,1.0
jsudoku_growacq_obj_class_simple_rel_mlp_qgen.csv,growacq,jsudoku,obj_class,simple_rel,mlp,All 8,811.0,5413.125,5413.125,0.0,0.0,1350.25,1350.25,3783.0,279.875,20.0659,0.562325,0.1529375,3.104375,308.841325,5.9952625,827.846725,1.0
jsudoku_growacq_obj_proba2_rel_dim_block_mlp_qgen.csv,growacq,jsudoku,obj_proba2,rel_dim_block,mlp,All 8,811.0,1905.0,1905.0,0.0,0.0,1486.625,1486.625,401.125,17.25,18.4242375,0.5476875,0.4555375,4.0489625,563.25785,13.311125,867.56265,1.0
jsudoku_growacq_obj_proba_simple_rel_decision_tree_qgen.csv,growacq,jsudoku,obj_proba,simple_rel,decision_tree,All 8,811.0,4063.875,4063.875,0.0,0.0,3023.25,3023.25,899.25,141.375,27.19745,0.4295625,0.33147499999999996,2.3795875,23.9225875,9.8523375,1347.2334625,1.0
jsudoku_growacq_obj_class_simple_rel_naive_bayes_qgen.csv,growacq,jsudoku,obj_class,simple_rel,naive_bayes,All 8,811.0,4202.0,4202.0,0.0,0.0,3244.625,3244.625,809.625,147.75,26.5929125,0.4043,0.32372500000000004,2.3684625,23.5492,10.0728625,1360.192825,1.0
jsudoku_growacq_obj_proba2_simple_rel_logistic_regression_qgen.csv,growacq,jsudoku,obj_proba2,simple_rel,logistic_regression,All 8,811.0,5795.875,5795.875,0.0,0.0,1271.5,1271.5,4100.125,424.25,20.1743375,0.4387,0.1078,2.508175,15.720062500000001,8.150125,624.81225,1.0
jsudoku_growacq_obj_class_rel_dim_block_naive_bayes_qgen.csv,growacq,jsudoku,obj_class,rel_dim_block,naive_bayes,All 8,811.0,4165.875,4165.875,0.0,0.0,3205.125,3205.125,813.875,146.875,26.661612499999997,0.434175,0.3476,2.7335,136.3384125,32.3951375,1447.2933625,1.0
jsudoku_growacq_obj_class_rel_dim_block_svm_qgen.csv,growacq,jsudoku,obj_class,rel_dim_block,svm,All 4,811.0,2603.75,2603.75,0.0,0.0,1508.5,1508.5,994.5,100.75,20.710625,1.936925,1.1787999999999998,13.6579,2749.507675,16.1005,3068.4037500000004,1.0
jsudoku_growacq_obj_proba2_rel_dim_decision_tree_qgen.csv,growacq,jsudoku,obj_proba2,rel_dim,decision_tree,All 8,811.0,1895.125,1895.125,0.0,0.0,1499.0,1499.0,363.25,32.875,19.011375,0.19085,0.16847499999999999,2.5219125,39.766562500000006,13.458075000000001,319.2260625,1.0
jsudoku_growacq_obj_proba_rel_dim_block_svm_qgen.csv,growacq,jsudoku,obj_proba,rel_dim_block,svm,All 4,811.0,2127.0,2127.0,0.0,0.0,1648.75,1648.75,426.5,51.75,18.5773,2.2712000000000003,1.8389250000000001,16.022875,3566.0336,18.207475,3909.182175,1.0
jsudoku_growacq_obj_proba_rel_dim_block_naive_bayes_qgen.csv,growacq,jsudoku,obj_proba,rel_dim_block,naive_bayes,All 8,811.0,4160.5,4160.5,0.0,0.0,3210.125,3210.125,802.75,147.625,26.571437500000002,0.4615625,0.3696625,2.71265,135.461875,32.5696875,1537.2916875,1.0
jsudoku_growacq_obj_proba2_simple_rel_naive_bayes_qgen.csv,growacq,jsudoku,obj_proba2,simple_rel,naive_bayes,All 8,811.0,4178.125,4178.125,0.0,0.0,3255.125,3255.125,778.875,144.125,26.845399999999998,0.409925,0.33082500000000004,2.3493125,24.021037500000002,10.1345125,1382.6198,1.0
jsudoku_growacq_obj_proba2_rel_dim_block_naive_bayes_qgen.csv,growacq,jsudoku,obj_proba2,rel_dim_block,naive_bayes,All 8,811.0,4122.125,4122.125,0.0,0.0,3217.125,3217.125,762.875,142.125,26.7840375,0.46376249999999997,0.37516249999999995,2.668825,134.90565,31.979599999999998,1546.2071999999998,1.0
jsudoku_growacq_obj_proba_rel_dim_mlp_qgen.csv,growacq,jsudoku,obj_proba,rel_dim,mlp,All 8,811.0,2067.25,2067.25,0.0,0.0,1459.0,1459.0,552.625,55.625,18.604824999999998,1.014075,0.7585999999999999,6.3986125,1300.8503875,10.577337499999999,1564.3180874999998,1.0
jsudoku_growacq_obj_class_rel_dim_svm_qgen.csv,growacq,jsudoku,obj_class,rel_dim,svm,All 4,811.0,2617.25,2617.25,0.0,0.0,1437.5,1437.5,1061.25,118.5,19.807825,2.316875,1.31735,15.933374999999998,3174.44305,14.904274999999998,3485.71335,1.0
jsudoku_growacq_obj_proba_rel_dim_decision_tree_qgen.csv,growacq,jsudoku,obj_proba,rel_dim,decision_tree,All 8,811.0,1912.25,1912.25,0.0,0.0,1504.5,1504.5,372.5,35.25,18.93655,0.18975,0.16645,2.4842750000000002,39.684675,13.3055,318.284725,1.0
jsudoku_growacq_obj_class_simple_rel_decision_tree_qgen.csv,growacq,jsudoku,obj_class,simple_rel,decision_tree,All 8,811.0,5433.875,5433.875,0.0,0.0,1361.375,1361.375,3793.25,279.25,20.1814125,0.3786625,0.1058,2.4132875,8.64745,8.231175,574.73,1.0
jsudoku_growacq_obj_class_rel_dim_block_decision_tree_qgen.csv,growacq,jsudoku,obj_class,rel_dim_block,decision_tree,All 8,811.0,1895.75,1895.75,0.0,0.0,1509.75,1509.75,351.5,34.5,18.6427,0.19945000000000002,0.1768625,2.6507125,55.3551625,15.4807625,335.249,1.0
jsudoku_growacq_obj_proba2_rel_dim_svm_qgen.csv,growacq,jsudoku,obj_proba2,rel_dim,svm,All 4,811.0,1925.25,1925.25,0.0,0.0,1499.5,1499.5,397.25,28.5,18.483849999999997,2.35395,1.903375,16.832175,3381.835725,13.4072,3677.3374999999996,1.0
jsudoku_growacq_obj_proba2_simple_rel_random_forest_qgen.csv,growacq,jsudoku,obj_proba2,simple_rel,random_forest,All 8,811.0,4077.0,4077.0,0.0,0.0,2889.875,2889.875,1038.5,148.625,24.6831,0.4342125,0.3222375,2.990675,718.26565,29.9074125,1313.1438625,1.0
jsudoku_growacq_obj_class_simple_rel_logistic_regression_qgen.csv,growacq,jsudoku,obj_class,simple_rel,logistic_regression,All 8,811.0,5840.5,5840.5,0.0,0.0,1221.875,1221.875,4259.125,359.5,19.201349999999998,0.3834875,0.091425,2.4207125,15.4230375,8.2561875,533.6960375000001,1.0
jsudoku_growacq_obj_proba_rel_dim_naive_bayes_qgen.csv,growacq,jsudoku,obj_proba,rel_dim,naive_bayes,All 8,811.0,4160.875,4160.875,0.0,0.0,3227.5,3227.5,784.0,149.375,26.4455125,0.4148625,0.334725,2.5961499999999997,74.49787500000001,28.549425,1393.0162625,1.0
jsudoku_growacq_obj_proba_simple_rel_naive_bayes_qgen.csv,growacq,jsudoku,obj_proba,simple_rel,naive_bayes,All 8,811.0,4156.0,4156.0,0.0,0.0,3245.375,3245.375,769.25,141.375,26.617275,0.4063875,0.32882500000000003,2.3590125,23.833975000000002,9.9793125,1366.4368250000002,1.0
jsudoku_growacq_obj_proba2_simple_rel_mlp_qgen.csv,growacq,jsudoku,obj_proba2,simple_rel,mlp,All 8,811.0,4031.875,4031.875,0.0,0.0,2888.5,2888.5,994.375,149.0,24.6623375,0.4398625,0.329,3.0991125,757.9634250000001,6.02095,1326.42825,1.0
jsudoku_growacq_obj_class_rel_dim_random_forest_qgen.csv,growacq,jsudoku,obj_class,rel_dim,random_forest,Last 20 of 10,811.0,2099.25,2099.25,0.0,0.0,1417.125,1417.125,637.25,44.875,18.3681375,0.5753999999999999,0.41836249999999997,4.0073875,605.8483625,23.023025,872.5273625,1.0
jsudoku_growacq_obj_proba2_rel_dim_block_decision_tree_qgen.csv,growacq,jsudoku,obj_proba2,rel_dim_block,decision_tree,All 8,811.0,1894.625,1894.625,0.0,0.0,1511.25,1511.25,345.5,37.875,18.685412499999998,0.2022875,0.17935,2.6071125,55.614112500000005,15.389775,339.7756375,1.0
jsudoku_growacq_obj_proba_rel_dim_block_decision_tree_qgen.csv,growacq,jsudoku,obj_proba,rel_dim_block,decision_tree,All 8,811.0,1883.375,1883.375,0.0,0.0,1506.625,1506.625,341.75,35.0,18.660825000000003,0.199325,0.1775625,2.5781125,55.3119875,15.386199999999999,334.409175,1.0
random_growacq_obj_proba2_simple_rel_random_forest_qgen.csv,growacq,random,obj_proba2,simple_rel,random_forest,All 8,495.0,5000.75,5000.75,0.0,0.0,838.25,838.25,3701.125,461.375,25.9272625,0.5594125000000001,0.109325,2.8802125,237.56775,13.6433875,546.7601,1.0
random_growacq_obj_proba2_rel_dim_naive_bayes_qgen.csv,growacq,random,obj_proba2,rel_dim,naive_bayes,All 8,495.0,5225.5,5225.5,0.0,0.0,5033.875,5033.875,158.75,32.875,35.161625,0.1607875,0.1660375,2.3489125,150.0617625,46.2653125,867.6804,1.0
random_growacq_obj_proba_rel_dim_decision_tree_qgen.csv,growacq,random,obj_proba,rel_dim,decision_tree,All 8,495.0,4946.875,4946.875,0.0,0.0,1265.875,1265.875,3290.25,390.75,25.727425000000004,0.2301125,0.07235,2.4595875,51.984212500000005,21.620112499999998,357.8925625,1.0
random_growacq_obj_class_simple_rel_decision_tree_qgen.csv,growacq,random,obj_class,simple_rel,decision_tree,All 8,495.0,5110.875,5110.875,0.0,0.0,821.875,821.875,3800.75,488.25,25.80505,0.3218,0.0639625,2.1725,7.793112499999999,7.8484750000000005,326.94125,1.0
random_growacq_obj_proba2_rel_dim_decision_tree_qgen.csv,growacq,random,obj_proba2,rel_dim,decision_tree,All 8,495.0,4954.125,4954.125,0.0,0.0,1250.125,1250.125,3300.5,403.5,25.680487499999998,0.2327875,0.0721125,2.4198625,51.2734875,21.251775000000002,357.14395,1.0
random_growacq_obj_proba_rel_dim_mlp_qgen.csv,growacq,random,obj_proba,rel_dim,mlp,All 8,495.0,5139.375,5139.375,0.0,0.0,825.75,825.75,3813.0,500.625,25.887412500000003,0.8181375,0.1510375,4.3300374999999995,477.379575,17.960974999999998,776.967725,1.0
random_growacq_obj_class_rel_dim_block_mlp_qgen.csv,growacq,random,obj_class,rel_dim_block,mlp,All 8,495.0,5114.875,5114.875,0.0,0.0,830.5,830.5,3799.125,485.25,25.8831,0.85485,0.160375,4.3360375,499.85602500000005,30.548825,820.2944749999999,1.0
random_growacq_obj_proba2_rel_dim_block_logistic_regression_qgen.csv,growacq,random,obj_proba2,rel_dim_block,logistic_regression,All 8,495.0,4989.25,4989.25,0.0,0.0,1071.5,1071.5,3487.625,430.125,25.8369625,0.54945,0.13596250000000001,3.8421250000000002,258.6144125,36.57505,678.3904124999999,1.0
random_growacq_obj_class_simple_rel_naive_bayes_qgen.csv,growacq,random,obj_class,simple_rel,naive_bayes,All 8,495.0,5251.5,5251.5,0.0,0.0,5083.25,5083.25,141.75,26.5,34.8133625,0.13019999999999998,0.1356875,2.25015,45.537675,11.84385,712.498775,1.0
random_growacq_obj_proba2_rel_dim_svm_qgen.csv,growacq,random,obj_proba2,rel_dim,svm,All 4,495.0,5069.75,5069.75,0.0,0.0,847.75,847.75,3742.5,479.5,25.797775,8.19285,1.4889750000000002,57.078275000000005,7108.305875,29.674675,7540.454449999999,1.0
random_growacq_obj_proba2_simple_rel_mlp_qgen.csv,growacq,random,obj_proba2,simple_rel,mlp,All 8,495.0,5024.0,5024.0,0.0,0.0,840.375,840.375,3731.375,452.25,25.674262499999998,0.54435,0.10464999999999999,2.7878125,182.2087875,5.7029250000000005,525.84925,1.0
random_growacq_obj_proba2_rel_dim_block_random_forest_qgen.csv,growacq,random,obj_proba2,rel_dim_block,random_forest,Last 20 of 15,495.0,4998.125,4998.125,0.0,0.0,1787.125,1787.125,2854.75,356.25,25.6406625,1.1723,0.4459375,6.33775,1886.730575,46.278837499999995,2228.277175,1.0
random_growacq_obj_class_rel_dim_naive_bayes_qgen.csv,growacq,random,obj_class,rel_dim,naive_bayes,All 8,495.0,5203.75,5203.75,0.0,0.0,4991.125,4991.125,175.125,37.5,34.9706625,0.1536625,0.158675,2.3034375000000002,148.693875,46.075225,825.6107750000001,1.0
random_growacq_obj_proba2_rel_dim_logistic_regression_qgen.csv,growacq,random,obj_proba2,rel_dim,logistic_regression,All 8,495.0,5079.0,5079.0,0.0,0.0,860.25,860.25,3740.125,478.625,25.874737500000002,0.47166250000000004,0.09380000000000001,2.4580875000000004,52.2389125,21.3192875,476.2884,1.0
random_growacq_obj_proba_rel_dim_block_mlp_qgen.csv,growacq,random,obj_proba,rel_dim_block,mlp,All 8,495.0,5093.375,5093.375,0.0,0.0,837.375,837.375,3772.125,483.875,26.015887499999998,0.83845,0.15937500000000002,4.3315624999999995,493.21708750000005,30.102425,811.7479875,1.0
random_growacq_obj_proba_simple_rel_logistic_regression_qgen.csv,growacq,random,obj_proba,simple_rel,logistic_regression,All 8,495.0,5141.875,5141.875,0.0,0.0,821.125,821.125,3818.875,501.875,26.0637875,0.3283,0.064525,2.1195874999999997,20.135725,7.385999999999999,331.849775,1.0
random_growacq_obj_class_rel_dim_random_forest_qgen.csv,growacq,random,obj_class,rel_dim,random_forest,Last 20 of 10,495.0,5117.875,5117.875,0.0,0.0,869.125,869.125,3766.0,482.75,25.757624999999997,0.9042749999999999,0.17505,4.702887500000001,595.9587875,26.6512125,895.56605,1.0
random_growacq_obj_proba_rel_dim_block_random_forest_qgen.csv,growacq,random,obj_proba,rel_dim_block,random_forest,Last 20 of 10,495.0,4824.5,4824.5,0.0,0.0,1444.75,1444.75,3013.625,366.125,26.291075,1.2141,0.3911125,6.2696250000000004,1588.2513999999999,42.897325,1886.7529125,1.0
random_growacq_obj_proba_simple_rel_decision_tree_qgen.csv,growacq,random,obj_proba,simple_rel,decision_tree,All 8,495.0,5188.125,5188.125,0.0,0.0,825.0,825.0,3861.375,501.75,25.9589,0.32675,0.0642875,2.170725,7.811325,8.1097375,333.5734125,1.0
random_growacq_obj_proba_rel_dim_logistic_regression_qgen.csv,growacq,random,obj_proba,rel_dim,logistic_regression,All 8,495.0,5136.375,5136.375,0.0,0.0,826.875,826.875,3824.375,485.125,25.8780125,0.3779625,0.0750125,2.46455,52.3278625,21.949125,385.388375,1.0
random_growacq_obj_proba_rel_dim_block_naive_bayes_qgen.csv,growacq,random,obj_proba,rel_dim_block,naive_bayes,All 8,495.0,5185.375,5185.375,0.0,0.0,4949.375,4949.375,198.25,37.75,35.006775000000005,0.20815,0.211725,2.6818,408.6320875,70.643025,1097.791875,1.0
random_growacq_obj_proba_simple_rel_naive_bayes_qgen.csv,growacq,random,obj_proba,simple_rel,naive_bayes,All 8,495.0,5261.875,5261.875,0.0,0.0,5095.375,5095.375,141.125,25.375,34.962787500000005,0.131625,0.137125,2.105825,47.5611375,11.89705,721.5674125,1.0
random_growacq_obj_class_simple_rel_mlp_qgen.csv,growacq,random,obj_class,simple_rel,mlp,All 8,495.0,5117.875,5117.875,0.0,0.0,820.75,820.75,3799.375,497.75,25.846625000000003,0.49445,0.09345,2.9942375000000006,184.937925,6.0492125,478.2417125,1.0
random_growacq_obj_class_rel_dim_block_random_forest_qgen.csv,growacq,random,obj_class,rel_dim_block,random_forest,Last 20 of 11,495.0,5137.0,5137.0,0.0,0.0,905.625,905.625,3743.875,487.5,25.797937500000003,1.2196875,0.2419875,6.3609625,923.8836,38.9342,1243.0091,1.0
random_growacq_obj_class_rel_dim_block_logistic_regression_qgen.csv,growacq,random,obj_class,rel_dim_block,logistic_regression,All 8,495.0,5127.625,5127.625,0.0,0.0,849.625,849.625,3785.375,492.625,25.915325,0.5783375,0.11382500000000001,3.632275,226.6220375,36.038912499999995,583.7242625000001,1.0
random_growacq_obj_class_rel_dim_logistic_regression_qgen.csv,growacq,random,obj_class,rel_dim,logistic_regression,All 8,495.0,5158.625,5158.625,0.0,0.0,826.25,826.25,3837.625,494.75,25.9269125,0.376575,0.07435,2.4566875,51.731575,21.52445,383.55865,1.0
random_growacq_obj_class_rel_dim_svm_qgen.csv,growacq,random,obj_class,rel_dim,svm,All 4,495.0,5101.25,5101.25,0.0,0.0,829.0,829.0,3786.75,485.5,25.5649,7.69155,1.362025,61.8838,6635.365225,26.3004,6947.5908500000005,1.0
random_growacq_obj_class_rel_dim_block_naive_bayes_qgen.csv,growacq,random,obj_class,rel_dim_block,naive_bayes,All 8,495.0,5214.0,5214.0,0.0,0.0,4923.5,4923.5,245.0,45.5,34.93975,0.20656249999999998,0.20805,2.7040249999999997,406.5305375,69.83225,1084.6727,1.0
random_growacq_obj_proba2_simple_rel_naive_bayes_qgen.csv,growacq,random,obj_proba2,simple_rel,naive_bayes,All 8,495.0,5263.5,5263.5,0.0,0.0,5082.625,5082.625,153.125,27.75,34.856700000000004,0.1303625,0.1355625,2.243525,45.9534375,11.8664375,713.4184125,1.0
random_growacq_obj_proba2_rel_dim_block_svm_qgen.csv,growacq,random,obj_proba2,rel_dim_block,svm,All 4,495.0,4959.5,4959.5,0.0,0.0,846.25,846.25,3661.0,452.25,25.81485,16.982225,3.1445000000000003,114.565675,15212.71185,38.589175,15593.066625,1.0
random_growacq_obj_proba_rel_dim_block_decision_tree_qgen.csv,growacq,random,obj_proba,rel_dim_block,decision_tree,All 8,495.0,4913.375,4913.375,0.0,0.0,1237.25,1237.25,3282.625,393.5,25.690475,0.296,0.08979999999999999,2.7652875,131.92795,32.959374999999994,441.2361125,1.0
random_growacq_obj_proba_simple_rel_random_forest_qgen.csv,growacq,random,obj_proba,simple_rel,random_forest,All 8,495.0,5141.25,5141.25,0.0,0.0,825.75,825.75,3815.25,500.25,25.9851375,0.564225,0.1062,2.8739875,239.7374375,13.970325,545.964225,1.0
random_growacq_obj_proba_rel_dim_block_logistic_regression_qgen.csv,growacq,random,obj_proba,rel_dim_block,logistic_regression,All 8,495.0,5008.125,5008.125,0.0,0.0,934.375,934.375,3624.125,449.625,25.945275,0.533425,0.1175,3.5691125,240.668,36.158775,588.4508375,1.0
random_growacq_obj_proba2_simple_rel_svm_qgen.csv,growacq,random,obj_proba2,simple_rel,svm,All 4,495.0,4957.0,4957.0,0.0,0.0,845.25,845.25,3685.0,426.75,25.485525000000003,6.1347249999999995,1.1384249999999998,40.69495,5282.959425000001,12.830350000000001,5639.980825,1.0
random_growacq_obj_proba_rel_dim_block_svm_qgen.csv,growacq,random,obj_proba,rel_dim_block,svm,All 4,495.0,5093.0,5093.0,0.0,0.0,827.75,827.75,3773.75,491.5,25.5732,16.336075,2.8834999999999997,114.513775,14355.636575,38.21170000000001,14679.889725,1.0
random_growacq_obj_proba2_rel_dim_block_naive_bayes_qgen.csv,growacq,random,obj_proba2,rel_dim_block,naive_bayes,All 8,495.0,5206.75,5206.75,0.0,0.0,4952.125,4952.125,213.75,40.875,35.07005,0.20839999999999997,0.2112,2.6858125,409.42672500000003,69.53436249999999,1099.638475,1.0
random_growacq_obj_class_rel_dim_block_decision_tree_qgen.csv,growacq,random,obj_class,rel_dim_block,decision_tree,All 8,495.0,4962.625,4962.625,0.0,0.0,1238.0,1238.0,3326.0,398.625,25.7614875,0.2971375,0.08931249999999999,2.7121625,129.8971375,33.00555,443.2009875,1.0
random_growacq_obj_class_rel_dim_block_svm_qgen.csv,growacq,random,obj_class,rel_dim_block,svm,All 4,495.0,5058.25,5058.25,0.0,0.0,826.75,826.75,3748.0,483.5,25.689099999999996,15.892275,2.828925,89.084025,13969.647275,40.011475000000004,14304.444175,1.0
random_growacq_obj_proba_rel_dim_svm_qgen.csv,growacq,random,obj_proba,rel_dim,svm,All 4,495.0,5127.75,5127.75,0.0,0.0,831.25,831.25,3812.25,484.25,25.678725,7.922275000000001,1.3992,53.670775,6840.226774999999,28.749775,7172.255875,1.0
random_growacq_obj_proba2_simple_rel_logistic_regression_qgen.csv,growacq,random,obj_proba2,simple_rel,logistic_regression,All 8,495.0,4968.25,4968.25,0.0,0.0,842.375,842.375,3691.25,434.625,25.6114125,0.39172500000000005,0.0784125,2.28505,20.45865,7.3585875,389.5378125,1.0
random_growacq_obj_proba2_rel_dim_mlp_qgen.csv,growacq,random,obj_proba2,rel_dim,mlp,All 8,495.0,5051.75,5051.75,0.0,0.0,839.5,839.5,3738.875,473.375,25.9415,0.8768374999999999,0.1660875,4.251225,478.73405,17.5945,838.6517125,1.0
random_growacq_obj_proba_simple_rel_mlp_qgen.csv,growacq,random,obj_proba,simple_rel,mlp,All 8,495.0,5125.125,5125.125,0.0,0.0,823.25,823.25,3811.625,490.25,25.77315,0.4949875,0.093475,2.868025,186.13802499999997,6.1264,479.03368750000004,1.0
random_growacq_obj_class_simple_rel_random_forest_qgen.csv,growacq,random,obj_class,simple_rel,random_forest,All 8,495.0,5158.0,5158.0,0.0,0.0,822.75,822.75,3827.5,507.75,25.984625,0.5699,0.1068375,2.9316375,242.88467500000002,14.33605,551.12805,1.0
random_growacq_obj_proba2_rel_dim_random_forest_qgen.csv,growacq,random,obj_proba2,rel_dim,random_forest,Last 20 of 10,495.0,4924.5,4924.5,0.0,0.0,1931.75,1931.75,2663.75,329.0,25.795675,0.802,0.33445,4.6362625,1327.40375,35.6403375,1646.88645,1.0
random_growacq_obj_proba_rel_dim_naive_bayes_qgen.csv,growacq,random,obj_proba,rel_dim,naive_bayes,All 8,495.0,5223.5,5223.5,0.0,0.0,5012.75,5012.75,175.25,35.5,35.0364875,0.1548125,0.1597875,2.40235,148.9615,46.432937499999994,834.5280375,1.0
random_growacq_obj_proba_rel_dim_random_forest_qgen.csv,growacq,random,obj_proba,rel_dim,random_forest,All 8,495.0,4665.875,4665.875,0.0,0.0,1395.125,1395.125,2913.875,356.875,26.886499999999998,0.8659,0.2802,4.6735375,1024.3588625000002,31.265425,1306.0074625,1.0
random_growacq_obj_proba2_rel_dim_block_mlp_qgen.csv,growacq,random,obj_proba2,rel_dim_block,mlp,All 8,495.0,4983.5,4983.5,0.0,0.0,872.375,872.375,3669.125,442.0,25.891437500000002,0.8766499999999999,0.17520000000000002,4.5116000000000005,511.8483625,30.1027,873.0634125,1.0
random_growacq_obj_proba2_simple_rel_decision_tree_qgen.csv,growacq,random,obj_proba2,simple_rel,decision_tree,All 8,495.0,5005.5,5005.5,0.0,0.0,840.625,840.625,3705.125,459.75,25.8982875,0.327175,0.06715,2.2071125,8.0077,7.6270875,335.9564875,1.0
random_growacq_obj_class_rel_dim_mlp_qgen.csv,growacq,random,obj_class,rel_dim,mlp,All 8,495.0,5141.5,5141.5,0.0,0.0,820.625,820.625,3822.5,498.375,25.872,0.8111625,0.14911249999999998,4.342549999999999,468.2395875,17.68075,767.348875,1.0
random_growacq_obj_class_simple_rel_logistic_regression_qgen.csv,growacq,random,obj_class,simple_rel,logistic_regression,All 8,495.0,5137.375,5137.375,0.0,0.0,819.875,819.875,3828.875,488.625,26.043937500000002,0.335225,0.0656875,2.2164124999999997,20.284475,7.675974999999999,337.42517499999997,1.0
random_growacq_obj_proba2_rel_dim_block_decision_tree_qgen.csv,growacq,random,obj_proba2,rel_dim_block,decision_tree,All 8,495.0,4966.0,4966.0,0.0,0.0,1242.0,1242.0,3327.75,396.25,25.585825,0.29908749999999995,0.08990000000000001,2.7357625,133.20603749999998,33.2268375,446.4976625,1.0
random_growacq_obj_class_rel_dim_decision_tree_qgen.csv,growacq,random,obj_class,rel_dim,decision_tree,All 8,495.0,4899.25,4899.25,0.0,0.0,1253.625,1253.625,3253.375,392.25,25.827275,0.2282625,0.071675,2.386175,50.866262500000005,21.0651375,351.086275,1.0
jobshop_growacq_obj_proba2_simple_rel_random_forest_qgen.csv,growacq,jobshop,obj_proba2,simple_rel,random_forest,All 8,338.25,1909.875,1909.875,0.0,0.0,609.625,609.625,1021.5,278.75,41.2294125,1.1695875,0.44375,6.811612499999999,396.186425,19.415799999999997,847.2781625,1.0
jobshop_growacq_obj_proba_rel_dim_block_random_forest_qgen.csv,growacq,jobshop,obj_proba,rel_dim_block,random_forest,Last 20 of 11,335.75,1856.375,1856.375,0.0,0.0,620.625,620.625,1019.125,216.625,42.045725000000004,1.6603124999999999,0.662525,9.6622875,768.8501125,51.940875000000005,1230.0311,1.0
jobshop_growacq_obj_proba_rel_dim_logistic_regression_qgen.csv,growacq,jobshop,obj_proba,rel_dim,logistic_regression,All 8,282.75,1915.25,1915.25,0.0,0.0,604.375,604.375,1011.375,299.5,40.132875,0.880425,0.34754999999999997,5.90135,165.7700625,42.393662500000005,665.6120125,1.0
jobshop_growacq_obj_class_rel_dim_block_mlp_qgen.csv,growacq,jobshop,obj_class,rel_dim_block,mlp,All 8,290.0,1921.0,1921.0,0.0,0.0,600.875,600.875,1018.375,301.75,40.562975,1.4378374999999999,0.5473999999999999,7.7315875,566.7032125000001,51.2656875,1051.3756750000002,1.0
jobshop_growacq_obj_proba_rel_dim_naive_bayes_qgen.csv,growacq,jobshop,obj_proba,rel_dim,naive_bayes,All 8,296.75,1961.75,1961.75,0.0,0.0,888.375,888.375,816.0,257.375,35.4344375,0.504575,0.2872,4.8269375,70.5858375,41.4251875,563.3425125,1.0
jobshop_growacq_obj_proba2_rel_dim_random_forest_qgen.csv,growacq,jobshop,obj_proba2,rel_dim,random_forest,Last 20 of 10,300.75,1798.125,1798.125,0.0,0.0,634.375,634.375,944.875,218.875,40.749849999999995,1.35135,0.5675000000000001,7.961,583.4732125,39.428375,1019.711075,1.0
jobshop_growacq_obj_proba2_rel_dim_block_decision_tree_qgen.csv,growacq,jobshop,obj_proba2,rel_dim_block,decision_tree,All 8,334.0,1811.875,1811.875,0.0,0.0,657.75,657.75,950.125,204.0,41.2731,0.7160249999999999,0.33024999999999993,5.38405,111.81676250000001,50.408662500000005,598.2517624999999,1.0
jobshop_growacq_obj_class_rel_dim_block_random_forest_qgen.csv,growacq,jobshop,obj_class,rel_dim_block,random_forest,Last 20 of 11,299.75,1921.75,1921.75,0.0,0.0,601.0,601.0,1023.25,297.5,40.7141375,1.6919125,0.6369875,9.780650000000001,745.0567874999999,53.7492,1224.1507875,1.0
jobshop_growacq_obj_class_rel_dim_logistic_regression_qgen.csv,growacq,jobshop,obj_class,rel_dim,logistic_regression,All 8,290.75,1932.375,1932.375,0.0,0.0,601.125,601.125,1021.625,309.625,40.4078,0.86585,0.3387875,5.6503250000000005,161.0917,41.86806250000001,654.6229625000001,1.0
jobshop_growacq_obj_proba2_rel_dim_svm_qgen.csv,growacq,jobshop,obj_proba2,rel_dim,svm,All 4,297.5,1834.0,1834.0,0.0,0.0,607.75,607.75,963.25,263.0,41.7158,9.5136,3.597975,73.776775,6078.367375000001,46.331625,6592.19945,1.0
jobshop_growacq_obj_proba_rel_dim_block_mlp_qgen.csv,growacq,jobshop,obj_proba,rel_dim_block,mlp,All 8,289.75,1909.375,1909.375,0.0,0.0,601.5,601.5,1004.375,303.5,40.3632875,1.412375,0.5411625,7.403499999999999,558.9417125,49.91287500000001,1033.09355,1.0
jobshop_growacq_obj_proba_simple_rel_mlp_qgen.csv,growacq,jobshop,obj_proba,simple_rel,mlp,All 8,291.0,1924.125,1924.125,0.0,0.0,600.75,600.75,1018.25,305.125,40.51775,1.3240125000000003,0.4913125,7.9886,516.3529375,14.207249999999998,945.327125,1.0
jobshop_growacq_obj_proba_rel_dim_svm_qgen.csv,growacq,jobshop,obj_proba,rel_dim,svm,All 4,276.5,1893.0,1893.0,0.0,0.0,600.25,600.25,997.0,295.75,41.198025,8.743825000000001,3.173475,62.953649999999996,5521.3084,45.3671,6006.5437999999995,1.0
jobshop_growacq_obj_class_rel_dim_block_logistic_regression_qgen.csv,growacq,jobshop,obj_class,rel_dim_block,logistic_regression,All 8,290.5,1921.375,1921.375,0.0,0.0,600.625,600.625,1014.875,305.875,40.5153,1.25915,0.4870875,8.313125000000001,400.481725,57.7090125,935.5209,1.0
jobshop_growacq_obj_class_simple_rel_decision_tree_qgen.csv,growacq,jobshop,obj_class,simple_rel,decision_tree,All 8,290.25,1918.125,1918.125,0.0,0.0,600.75,600.75,1016.125,301.25,40.577825000000004,0.6207,0.2454,4.1203875,14.266375,16.29415,470.69603750000005,1.0
jobshop_growacq_obj_proba_rel_dim_decision_tree_qgen.csv,growacq,jobshop,obj_proba,rel_dim,decision_tree,All 8,310.875,1811.625,1811.625,0.0,0.0,627.0,627.0,967.75,216.875,41.7566875,0.64865,0.2873375,4.7742375,53.230937499999996,38.592825,520.40095,1.0
jobshop_growacq_obj_class_rel_dim_mlp_qgen.csv,growacq,jobshop,obj_class,rel_dim,mlp,All 8,293.75,1929.25,1929.25,0.0,0.0,600.5,600.5,1022.375,306.375,40.5903625,1.9739125,0.7278374999999999,10.836974999999999,962.0434250000001,35.114824999999996,1403.5293875,1.0
jobshop_growacq_obj_proba_rel_dim_block_naive_bayes_qgen.csv,growacq,jobshop,obj_proba,rel_dim_block,naive_bayes,All 8,295.5,1938.625,1938.625,0.0,0.0,884.5,884.5,797.125,257.0,35.481337499999995,0.6145875,0.34957499999999997,5.5614125,167.5541875,54.75291250000001,677.610575,1.0
jobshop_growacq_obj_proba2_rel_dim_block_mlp_qgen.csv,growacq,jobshop,obj_proba2,rel_dim_block,mlp,All 8,278.0,1925.75,1925.75,0.0,0.0,633.25,633.25,992.375,300.125,39.5705125,1.463225,0.5784875,8.19625,610.8589875,50.4823375,1113.6509875,1.0
jobshop_growacq_obj_proba_simple_rel_logistic_regression_qgen.csv,growacq,jobshop,obj_proba,simple_rel,logistic_regression,All 8,293.0,1924.75,1924.75,0.0,0.0,599.25,599.25,1021.5,304.0,40.596075,0.6411,0.24947499999999997,3.919875,31.54605,15.0988,480.1330875,1.0
jobshop_growacq_obj_proba_simple_rel_decision_tree_qgen.csv,growacq,jobshop,obj_proba,simple_rel,decision_tree,All 8,287.75,1928.75,1928.75,0.0,0.0,600.5,600.5,1019.25,309.0,40.45,0.6263875,0.2461625,4.1362375,14.1949625,16.551075,474.7412875,1.0
jobshop_growacq_obj_class_rel_dim_block_naive_bayes_qgen.csv,growacq,jobshop,obj_class,rel_dim_block,naive_bayes,All 8,300.5,1950.75,1950.75,0.0,0.0,884.625,884.625,808.875,257.25,35.470299999999995,0.6167374999999999,0.34952500000000003,5.5848625,168.13260000000002,54.728375,681.5948000000001,1.0
jobshop_growacq_obj_class_rel_dim_random_forest_qgen.csv,growacq,jobshop,obj_class,rel_dim,random_forest,Last 20 of 9,291.625,1916.625,1916.625,0.0,0.0,601.375,601.375,1017.625,297.625,40.654137500000004,1.3914875,0.5257750000000001,7.8605625,548.927825,41.2999625,1007.619925,1.0
jobshop_growacq_obj_proba2_rel_dim_naive_bayes_qgen.csv,growacq,jobshop,obj_proba2,rel_dim,naive_bayes,All 8,300.75,1949.0,1949.0,0.0,0.0,891.125,891.125,804.75,253.125,35.379725,0.515625,0.29537500000000005,5.2048375,72.05635000000001,42.01786250000001,575.5858125000001,1.0
jobshop_growacq_obj_class_simple_rel_logistic_regression_qgen.csv,growacq,jobshop,obj_class,simple_rel,logistic_regression,All 8,287.25,1928.5,1928.5,0.0,0.0,598.125,598.125,1021.5,308.875,40.538399999999996,0.658075,0.256375,4.2891875,32.4359375,16.230062500000003,494.3291375,1.0
jobshop_growacq_obj_proba_rel_dim_mlp_qgen.csv,growacq,jobshop,obj_proba,rel_dim,mlp,All 8,291.75,1854.875,1854.875,0.0,0.0,603.625,603.625,976.625,274.625,40.3299125,2.0994625,0.805875,11.5679125,1058.1160625,34.816137499999996,1494.9441,1.0
jobshop_growacq_obj_proba2_rel_dim_block_logistic_regression_qgen.csv,growacq,jobshop,obj_proba2,rel_dim_block,logistic_regression,All 8,353.5,1852.625,1852.625,0.0,0.0,745.75,745.75,872.375,234.5,38.2113125,1.2363,0.5941625,8.0647375,556.0669875,57.4005,1098.9184125,1.0
jobshop_growacq_obj_proba_rel_dim_random_forest_qgen.csv,growacq,jobshop,obj_proba,rel_dim,random_forest,All 8,298.125,1832.25,1832.25,0.0,0.0,604.5,604.5,997.125,230.625,41.924125000000004,1.3727375,0.5441125,8.05965,557.656025,39.8291125,995.9460625,1.0
jobshop_growacq_obj_proba2_rel_dim_mlp_qgen.csv,growacq,jobshop,obj_proba2,rel_dim,mlp,All 8,287.75,1862.0,1862.0,0.0,0.0,679.875,679.875,920.5,261.625,38.68865,2.1164,0.8902625,11.0471625,1219.9095,33.3467375,1657.362925,1.0
jobshop_growacq_obj_proba2_simple_rel_mlp_qgen.csv,growacq,jobshop,obj_proba2,simple_rel,mlp,All 8,316.75,1910.125,1910.125,0.0,0.0,604.0,604.0,1016.25,289.875,40.805525,1.3350875000000002,0.497725,7.37205,518.4576625,13.4242875,950.6448,1.0
jobshop_growacq_obj_proba_rel_dim_block_svm_qgen.csv,growacq,jobshop,obj_proba,rel_dim_block,svm,All 4,290.5,1918.0,1918.0,0.0,0.0,603.0,603.0,1005.25,309.75,40.741925,10.9922,3.9652499999999997,95.47535,7135.78915,50.237175,7605.7706,1.0
jobshop_growacq_obj_class_rel_dim_block_svm_qgen.csv,growacq,jobshop,obj_class,rel_dim_block,svm,All 4,279.5,1927.75,1927.75,0.0,0.0,598.75,598.75,1014.75,314.25,41.077175,14.805175,5.259625,124.83772499999999,9630.5844,59.43945,10138.996275,1.0
jobshop_growacq_obj_class_rel_dim_decision_tree_qgen.csv,growacq,jobshop,obj_class,rel_dim,decision_tree,All 8,311.0,1816.0,1816.0,0.0,0.0,627.875,627.875,971.0,217.125,41.596050000000005,0.64055,0.283225,4.8093,52.2207,37.82875,514.186725,1.0
jobshop_growacq_obj_proba2_simple_rel_logistic_regression_qgen.csv,growacq,jobshop,obj_proba2,simple_rel,logistic_regression,All 8,292.25,1950.0,1950.0,0.0,0.0,611.625,611.625,1021.0,317.375,40.3675375,0.6811875000000001,0.26525,4.6241875,32.565574999999995,16.0302875,517.088625,1.0
jobshop_growacq_obj_proba_simple_rel_naive_bayes_qgen.csv,growacq,jobshop,obj_proba,simple_rel,naive_bayes,All 8,291.0,1927.5,1927.5,0.0,0.0,608.625,608.625,1014.0,304.875,40.432300000000005,0.6056874999999999,0.2406,3.9911125,11.820137500000001,16.233262500000002,463.7167375,1.0
jobshop_growacq_obj_proba_simple_rel_random_forest_qgen.csv,growacq,jobshop,obj_proba,simple_rel,random_forest,All 8,294.25,1917.875,1917.875,0.0,0.0,600.5,600.5,1019.125,298.25,40.6763125,1.1609125000000002,0.435,6.3736250000000005,400.337575,19.634075000000003,834.2106625,1.0
jobshop_growacq_obj_proba_rel_dim_block_decision_tree_qgen.csv,growacq,jobshop,obj_proba,rel_dim_block,decision_tree,All 8,331.625,1811.5,1811.5,0.0,0.0,655.625,655.625,951.0,204.875,41.254125,0.70985,0.329025,5.432825,112.5966,51.2207125,595.826725,1.0
jobshop_growacq_obj_class_simple_rel_naive_bayes_qgen.csv,growacq,jobshop,obj_class,simple_rel,naive_bayes,All 8,290.25,1919.5,1919.5,0.0,0.0,602.5,602.5,1015.0,302.0,40.628775000000005,0.617,0.244025,4.205125,11.626987499999998,16.714350000000003,468.2716375,1.0
jobshop_growacq_obj_proba2_simple_rel_decision_tree_qgen.csv,growacq,jobshop,obj_proba2,simple_rel,decision_tree,All 8,304.0,1935.25,1935.25,0.0,0.0,607.875,607.875,1020.75,306.625,40.594437500000005,0.645175,0.2524875,4.2705375,14.6159125,15.714275,488.61405,1.0
jobshop_growacq_obj_proba2_rel_dim_logistic_regression_qgen.csv,growacq,jobshop,obj_proba2,rel_dim,logistic_regression,All 8,305.25,1921.125,1921.125,0.0,0.0,721.5,721.5,928.5,271.125,38.3550875,0.807525,0.37246250000000003,5.9478625,206.608425,41.897850000000005,713.3473,1.0
jobshop_growacq_obj_proba2_rel_dim_decision_tree_qgen.csv,growacq,jobshop,obj_proba2,rel_dim,decision_tree,All 8,330.75,1785.125,1785.125,0.0,0.0,627.25,627.25,965.125,192.75,42.248562500000006,0.64365,0.28741249999999996,4.8638125,51.5740875,37.2285875,512.923325,1.0
jobshop_growacq_obj_proba2_rel_dim_block_random_forest_qgen.csv,growacq,jobshop,obj_proba2,rel_dim_block,random_forest,Last 20 of 18,337.25,1863.25,1863.25,0.0,0.0,666.875,666.875,993.625,202.75,41.1797,1.6733,0.7058875,10.0102625,847.9904875,52.65475,1314.6988000000001,1.0
jobshop_growacq_obj_proba_rel_dim_block_logistic_regression_qgen.csv,growacq,jobshop,obj_proba,rel_dim_block,logistic_regression,All 8,291.5,1908.625,1908.625,0.0,0.0,636.625,636.625,979.0,293.0,39.262825,1.240475,0.50675,8.017687500000001,434.32178749999997,57.32525,967.05505,1.0
jobshop_growacq_obj_proba2_rel_dim_block_naive_bayes_qgen.csv,growacq,jobshop,obj_proba2,rel_dim_block,naive_bayes,All 8,297.25,1957.125,1957.125,0.0,0.0,883.75,883.75,816.625,256.75,35.621562499999996,0.6182375,0.34715,5.607175,165.31425000000002,53.6440375,679.1206,1.0
jobshop_growacq_obj_class_rel_dim_block_decision_tree_qgen.csv,growacq,jobshop,obj_class,rel_dim_block,decision_tree,All 8,353.25,1791.75,1791.75,0.0,0.0,659.5,659.5,950.0,182.25,41.5890375,0.6937875,0.325975,5.2697125,110.6454375,50.049924999999995,583.6750125,1.0
jobshop_growacq_obj_proba2_rel_dim_block_svm_qgen.csv,growacq,jobshop,obj_proba2,rel_dim_block,svm,All 4,272.0,1947.25,1947.25,0.0,0.0,625.25,625.25,1002.5,319.5,40.456424999999996,12.041075,4.420375,115.24485000000001,8112.5416000000005,53.309075,8607.495025000002,1.0
jobshop_growacq_obj_class_rel_dim_svm_qgen.csv,growacq,jobshop,obj_class,rel_dim,svm,All 4,296.0,1892.0,1892.0,0.0,0.0,598.0,598.0,1001.75,292.25,41.4713,8.20525,2.975225,85.32570000000001,5168.809675,40.002449999999996,5621.163025,1.0
jobshop_growacq_obj_class_simple_rel_random_forest_qgen.csv,growacq,jobshop,obj_class,simple_rel,random_forest,All 8,292.25,1919.375,1919.375,0.0,0.0,598.375,598.375,1019.0,302.0,40.61665,1.1677374999999999,0.4360625,6.4475875,400.52246249999996,19.653374999999997,836.8597500000001,1.0
jobshop_growacq_obj_proba2_simple_rel_naive_bayes_qgen.csv,growacq,jobshop,obj_proba2,simple_rel,naive_bayes,All 8,329.25,1911.25,1911.25,0.0,0.0,610.25,610.25,1018.0,283.0,41.1794875,0.6511,0.2583875,4.4238625,12.145512499999999,16.5473375,493.799075,1.0
jobshop_growacq_obj_class_simple_rel_mlp_qgen.csv,growacq,jobshop,obj_class,simple_rel,mlp,All 8,290.0,1921.625,1921.625,0.0,0.0,599.75,599.75,1015.0,306.875,40.483675000000005,1.3147625,0.487175,7.519337500000001,510.474425,14.132900000000001,936.1457875000001,1.0
jobshop_growacq_obj_class_rel_dim_naive_bayes_qgen.csv,growacq,jobshop,obj_class,rel_dim,naive_bayes,All 8,298.75,1944.625,1944.625,0.0,0.0,889.5,889.5,802.375,252.75,35.3339,0.5005,0.2876375,4.8147125,70.8045625,40.2376625,559.3098500000001,1.0
nurse_rostering_growacq_obj_proba_rel_dim_block_random_forest_qgen.csv,growacq,nurse_rostering,obj_proba,rel_dim_block,random_forest,Last 20 of 11,885.0,2332.125,2332.125,0.0,0.0,2324.0,2324.0,4.25,3.875,24.4785875,0.658925,0.695975,4.303725,1122.0337875,40.312174999999996,1623.0824750000002,1.0
nurse_rostering_growacq_obj_proba_rel_dim_logistic_regression_qgen.csv,growacq,nurse_rostering,obj_proba,rel_dim,logistic_regression,All 8,885.0,3731.25,3731.25,0.0,0.0,2219.125,2219.125,1349.5,162.625,23.246387499999997,0.3567,0.2550875,3.3988125,250.485475,29.626687500000003,858.4452125,1.0
nurse_rostering_growacq_obj_proba2_rel_dim_random_forest_qgen.csv,growacq,nurse_rostering,obj_proba2,rel_dim,random_forest,Last 20 of 10,885.0,2458.5,2458.5,0.0,0.0,2450.875,2450.875,5.625,2.0,24.453137499999997,0.7032,0.7404375,4.576525,1291.404425,43.766875,1820.061025,1.0
nurse_rostering_growacq_obj_proba2_rel_dim_block_mlp_qgen.csv,growacq,nurse_rostering,obj_proba2,rel_dim_block,mlp,All 8,885.0,2388.5,2388.5,0.0,0.0,2355.375,2355.375,29.375,3.75,25.1223375,0.616525,0.64425,4.6404125,1006.1865625,21.74135,1538.734575,1.0
nurse_rostering_growacq_obj_proba_rel_dim_decision_tree_qgen.csv,growacq,nurse_rostering,obj_proba,rel_dim,decision_tree,All 8,885.0,2419.625,2419.625,0.0,0.0,2415.0,2415.0,2.5,2.125,24.378425,0.23922500000000002,0.262725,2.7769874999999997,110.2705875,27.3988625,635.70835,1.0
nurse_rostering_growacq_obj_class_simple_rel_decision_tree_qgen.csv,growacq,nurse_rostering,obj_class,simple_rel,decision_tree,All 8,885.0,6177.25,6177.25,0.0,0.0,2064.25,2064.25,3841.75,271.25,29.2551375,0.36705,0.13623749999999998,2.4849249999999996,19.120199999999997,11.8933,841.3242124999999,1.0
nurse_rostering_growacq_obj_class_rel_dim_block_random_forest_qgen.csv,growacq,nurse_rostering,obj_class,rel_dim_block,random_forest,Last 20 of 10,885.0,2324.375,2324.375,0.0,0.0,2285.5,2285.5,33.125,5.75,24.5114875,0.6654625000000001,0.6941,4.3971,1105.16745,40.3343125,1613.323,1.0
nurse_rostering_growacq_obj_class_rel_dim_mlp_qgen.csv,growacq,nurse_rostering,obj_class,rel_dim,mlp,All 8,885.0,2536.375,2536.375,0.0,0.0,2356.75,2356.75,164.75,14.875,24.2915875,0.99305,0.96885,5.9604125,1976.0545375000002,22.04975,2462.2525125,1.0
nurse_rostering_growacq_obj_proba2_rel_dim_svm_qgen.csv,growacq,nurse_rostering,obj_proba2,rel_dim,svm,All 4,885.0,2547.5,2547.5,0.0,0.0,2525.5,2525.5,20.0,2.0,24.950499999999998,3.1889250000000002,3.2851,22.233225,7770.9838,31.106775,8380.745125,1.0
nurse_rostering_growacq_obj_proba2_rel_dim_naive_bayes_qgen.csv,growacq,nurse_rostering,obj_proba2,rel_dim,naive_bayes,All 8,885.0,3444.125,3444.125,0.0,0.0,3420.375,3420.375,17.125,6.625,25.3198875,0.2224125,0.2404625,2.8975,138.585825,34.9643,828.11335,1.0
nurse_rostering_growacq_obj_class_rel_dim_logistic_regression_qgen.csv,growacq,nurse_rostering,obj_class,rel_dim,logistic_regression,All 8,885.0,4612.125,4612.125,0.0,0.0,2172.375,2172.375,2243.25,196.5,25.829225,0.4010625,0.2399125,3.3874500000000003,241.8464125,31.650112500000002,932.426775,1.0
nurse_rostering_growacq_obj_proba2_rel_dim_block_naive_bayes_qgen.csv,growacq,nurse_rostering,obj_proba2,rel_dim_block,naive_bayes,All 8,885.0,5341.375,5341.375,0.0,0.0,5331.25,5331.25,6.125,4.0,34.092375,0.2167625,0.23281249999999998,2.8512375,318.583175,51.2056875,1243.599375,1.0
nurse_rostering_growacq_obj_proba_rel_dim_block_logistic_regression_qgen.csv,growacq,nurse_rostering,obj_proba,rel_dim_block,logistic_regression,All 8,885.0,2298.25,2298.25,0.0,0.0,2291.75,2291.75,3.875,2.625,24.635287499999997,0.3135375,0.3397375,3.204175,244.83111250000002,26.212274999999998,780.7864125,1.0
nurse_rostering_growacq_obj_class_rel_dim_random_forest_qgen.csv,growacq,nurse_rostering,obj_class,rel_dim,random_forest,All 8,885.0,2719.25,2719.25,0.0,0.0,2379.625,2379.625,322.0,17.625,24.2526375,0.7147999999999999,0.6645125,4.635624999999999,1277.7888375,43.6184125,1799.8823125,1.0
nurse_rostering_growacq_obj_proba2_simple_rel_naive_bayes_qgen.csv,growacq,nurse_rostering,obj_proba2,simple_rel,naive_bayes,All 8,885.0,5670.0,5670.0,0.0,0.0,5668.0,5668.0,0.0,2.0,36.951,0.17145,0.18561249999999999,2.6064875,67.59291250000001,18.8286625,1052.500975,1.0
nurse_rostering_growacq_obj_proba2_simple_rel_decision_tree_qgen.csv,growacq,nurse_rostering,obj_proba2,simple_rel,decision_tree,All 8,885.0,5670.0,5670.0,0.0,0.0,5668.0,5668.0,0.0,2.0,36.951,0.174025,0.1887125,2.6263125,75.2838375,18.843137499999997,1070.0333625,1.0
nurse_rostering_growacq_obj_proba_rel_dim_naive_bayes_qgen.csv,growacq,nurse_rostering,obj_proba,rel_dim,naive_bayes,All 8,885.0,3339.75,3339.75,0.0,0.0,3310.875,3310.875,21.875,7.0,24.756662499999997,0.20875000000000002,0.22665000000000002,2.8674125,133.13985000000002,33.891775,756.9791375,1.0
nurse_rostering_growacq_obj_proba_simple_rel_logistic_regression_qgen.csv,growacq,nurse_rostering,obj_proba,simple_rel,logistic_regression,All 8,885.0,7013.25,7013.25,0.0,0.0,2046.75,2046.75,4519.875,446.625,26.963975,0.38045,0.1242375,2.33245,36.8170375,11.5257,871.24305,1.0
nurse_rostering_growacq_obj_proba_rel_dim_block_svm_qgen.csv,growacq,nurse_rostering,obj_proba,rel_dim_block,svm,All 4,885.0,2302.75,2302.75,0.0,0.0,2290.25,2290.25,5.0,7.5,24.552775,1.09535,1.1461000000000001,7.2286,2145.0915,23.54655,2639.1787000000004,1.0
nurse_rostering_growacq_obj_proba2_rel_dim_logistic_regression_qgen.csv,growacq,nurse_rostering,obj_proba2,rel_dim,logistic_regression,All 8,885.0,3535.0,3535.0,0.0,0.0,2425.375,2425.375,973.75,135.875,25.710250000000002,0.3593,0.28374999999999995,3.2856375,266.05781249999995,29.5144875,942.698425,1.0
nurse_rostering_growacq_obj_proba2_rel_dim_block_random_forest_qgen.csv,growacq,nurse_rostering,obj_proba2,rel_dim_block,random_forest,Last 20 of 16,885.0,2429.0,2429.0,0.0,0.0,2427.125,2427.125,0.0,1.875,24.5630625,0.6653,0.703025,4.4198125,1173.9359875,42.298575,1707.666125,1.0
nurse_rostering_growacq_obj_proba2_rel_dim_block_logistic_regression_qgen.csv,growacq,nurse_rostering,obj_proba2,rel_dim_block,logistic_regression,All 8,885.0,2324.0,2324.0,0.0,0.0,2321.0,2321.0,1.0,2.0,24.813987500000003,0.3197,0.346,3.3700875000000003,244.34412500000002,26.3477125,804.1324999999999,1.0
nurse_rostering_growacq_obj_proba_simple_rel_mlp_qgen.csv,growacq,nurse_rostering,obj_proba,simple_rel,mlp,All 8,885.0,4528.5,4528.5,0.0,0.0,4298.375,4298.375,223.625,6.5,39.282075000000006,0.5323625000000001,0.5260625,3.7717375,1571.25195,11.6771125,2382.35155,1.0
nurse_rostering_growacq_obj_proba2_simple_rel_logistic_regression_qgen.csv,growacq,nurse_rostering,obj_proba2,simple_rel,logistic_regression,All 8,885.0,6736.75,6736.75,0.0,0.0,2002.5,2002.5,4264.375,469.875,28.380875000000003,0.4069625,0.1349375,2.6227125,36.574425000000005,11.6804375,908.668325,1.0
nurse_rostering_growacq_obj_proba_simple_rel_decision_tree_qgen.csv,growacq,nurse_rostering,obj_proba,simple_rel,decision_tree,All 8,885.0,4733.125,4733.125,0.0,0.0,4705.375,4705.375,25.75,2.0,40.62033749999999,0.19593750000000001,0.2106625,2.65805,57.2133375,17.373462500000002,997.0062499999999,1.0
nurse_rostering_growacq_obj_proba_rel_dim_svm_qgen.csv,growacq,nurse_rostering,obj_proba,rel_dim,svm,All 4,885.0,2496.25,2496.25,0.0,0.0,2404.25,2404.25,73.0,19.0,24.214174999999997,3.186125,3.1854750000000003,21.5171,7455.424575,29.777375000000003,7980.710425,1.0
nurse_rostering_growacq_obj_class_rel_dim_block_svm_qgen.csv,growacq,nurse_rostering,obj_class,rel_dim_block,svm,All 4,885.0,2297.5,2297.5,0.0,0.0,2284.5,2284.5,6.0,7.0,24.595100000000002,1.1488,1.2012749999999999,8.073825,2259.0960750000004,24.2648,2759.90185,1.0
nurse_rostering_growacq_obj_proba2_simple_rel_mlp_qgen.csv,growacq,nurse_rostering,obj_proba2,simple_rel,mlp,All 8,885.0,5328.75,5328.75,0.0,0.0,5021.875,5021.875,304.875,2.0,35.7848125,0.5049375,0.493925,3.7669750000000004,1801.844275,11.4963875,2631.9838875,1.0
nurse_rostering_growacq_obj_class_simple_rel_mlp_qgen.csv,growacq,nurse_rostering,obj_class,simple_rel,mlp,All 8,885.0,6166.625,6166.625,0.0,0.0,2049.125,2049.125,3849.0,268.5,29.2037125,0.6281749999999999,0.225425,3.616425,628.7362875,9.050887499999998,1389.6806625,1.0
nurse_rostering_growacq_obj_proba2_simple_rel_random_forest_qgen.csv,growacq,nurse_rostering,obj_proba2,simple_rel,random_forest,All 8,885.0,5670.0,5670.0,0.0,0.0,5668.0,5668.0,0.0,2.0,36.951,0.4899125,0.5079625000000001,3.4154875000000002,1959.3023625,60.689725,2880.17865,1.0
nurse_rostering_growacq_obj_proba2_rel_dim_block_decision_tree_qgen.csv,growacq,nurse_rostering,obj_proba2,rel_dim_block,decision_tree,All 8,885.0,2295.375,2295.375,0.0,0.0,2288.75,2288.75,4.25,2.375,24.646675000000002,0.2443375,0.26726249999999996,2.7837875,95.17715,24.5237,613.4578750000001,1.0
nurse_rostering_growacq_obj_proba2_rel_dim_mlp_qgen.csv,growacq,nurse_rostering,obj_proba2,rel_dim,mlp,All 8,885.0,2541.375,2541.375,0.0,0.0,2519.375,2519.375,15.0,7.0,24.9609125,1.01255,1.051775,6.4182375,2120.5177875,22.9335125,2672.0049124999996,1.0
nurse_rostering_growacq_obj_class_rel_dim_svm_qgen.csv,growacq,nurse_rostering,obj_class,rel_dim,svm,All 4,885.0,2724.5,2724.5,0.0,0.0,2393.25,2393.25,288.75,42.5,25.136875000000003,2.9884250000000003,2.7001,21.93755,6929.534075,27.8273,7444.700350000001,1.0
nurse_rostering_growacq_obj_proba_simple_rel_random_forest_qgen.csv,growacq,nurse_rostering,obj_proba,simple_rel,random_forest,All 8,885.0,4733.0,4733.0,0.0,0.0,4700.0,4700.0,30.5,2.5,40.6291125,0.5033500000000001,0.5205124999999999,3.51495,1583.25475,52.8858375,2463.5838125,1.0
nurse_rostering_growacq_obj_proba2_rel_dim_block_svm_qgen.csv,growacq,nurse_rostering,obj_proba2,rel_dim_block,svm,All 4,885.0,2327.75,2327.75,0.0,0.0,2318.25,2318.25,3.0,6.5,24.6996,1.10135,1.1539000000000001,7.210275,2171.9103999999998,23.4963,2685.9361,1.0
nurse_rostering_growacq_obj_class_rel_dim_naive_bayes_qgen.csv,growacq,nurse_rostering,obj_class,rel_dim,naive_bayes,All 8,885.0,3345.0,3345.0,0.0,0.0,3304.5,3304.5,31.125,9.375,24.698412500000003,0.2083375,0.22547499999999998,2.8274749999999997,132.30051250000002,33.9095375,754.1555875,1.0
nurse_rostering_growacq_obj_proba_simple_rel_naive_bayes_qgen.csv,growacq,nurse_rostering,obj_proba,simple_rel,naive_bayes,All 8,885.0,5670.0,5670.0,0.0,0.0,5668.0,5668.0,0.0,2.0,36.951,0.1687,0.18286249999999998,2.368725,68.4644,18.618412499999998,1036.82055,1.0
nurse_rostering_growacq_obj_class_simple_rel_logistic_regression_qgen.csv,growacq,nurse_rostering,obj_class,simple_rel,logistic_regression,All 8,885.0,6921.875,6921.875,0.0,0.0,1941.75,1941.75,4582.25,397.875,26.831475,0.40355,0.12658750000000002,2.4981875000000002,36.312937500000004,11.791037500000002,875.8413,1.0
nurse_rostering_growacq_obj_proba_rel_dim_block_naive_bayes_qgen.csv,growacq,nurse_rostering,obj_proba,rel_dim_block,naive_bayes,All 8,885.0,5331.625,5331.625,0.0,0.0,5320.5,5320.5,6.875,4.25,34.006437500000004,0.2141375,0.2304125,2.975925,321.6896375,52.04605,1228.473725,1.0
nurse_rostering_growacq_obj_proba_rel_dim_block_decision_tree_qgen.csv,growacq,nurse_rostering,obj_proba,rel_dim_block,decision_tree,All 8,885.0,2299.125,2299.125,0.0,0.0,2293.125,2293.125,3.75,2.25,24.637500000000003,0.244575,0.26797499999999996,2.7363999999999997,96.579725,24.7010125,616.1259875000001,1.0
nurse_rostering_growacq_obj_proba2_rel_dim_decision_tree_qgen.csv,growacq,nurse_rostering,obj_proba2,rel_dim,decision_tree,All 8,885.0,2416.875,2416.875,0.0,0.0,2411.75,2411.75,2.875,2.25,24.3303625,0.23895,0.26227500000000004,2.871775,109.5035375,27.008825,633.861825,1.0
nurse_rostering_growacq_obj_class_rel_dim_block_mlp_qgen.csv,growacq,nurse_rostering,obj_class,rel_dim_block,mlp,All 8,885.0,2344.125,2344.125,0.0,0.0,2283.75,2283.75,56.125,4.25,24.7949875,0.6046499999999999,0.6255124999999999,4.508425,971.2290125,21.289375,1466.238025,1.0
nurse_rostering_growacq_obj_class_rel_dim_block_logistic_regression_qgen.csv,growacq,nurse_rostering,obj_class,rel_dim_block,logistic_regression,All 8,885.0,2298.0,2298.0,0.0,0.0,2292.5,2292.5,3.125,2.375,24.6534875,0.31465,0.3412,3.2467249999999996,245.03105,26.2952375,784.1046,1.0
nurse_rostering_growacq_obj_class_simple_rel_random_forest_qgen.csv,growacq,nurse_rostering,obj_class,simple_rel,random_forest,All 8,885.0,6185.125,6185.125,0.0,0.0,2058.0,2058.0,3848.5,278.625,29.0944625,0.6202375,0.223325,3.383825,592.8683374999999,27.705075,1380.9828375,1.0
nurse_rostering_growacq_obj_class_simple_rel_naive_bayes_qgen.csv,growacq,nurse_rostering,obj_class,simple_rel,naive_bayes,All 8,885.0,5670.0,5670.0,0.0,0.0,5668.0,5668.0,0.0,2.0,36.951,0.171575,0.1858375,2.5996375,67.05272500000001,18.9368625,1053.6977499999998,1.0
nurse_rostering_growacq_obj_proba_rel_dim_random_forest_qgen.csv,growacq,nurse_rostering,obj_proba,rel_dim,random_forest,All 8,885.0,2483.25,2483.25,0.0,0.0,2407.25,2407.25,63.375,12.625,24.2147375,0.7095625000000001,0.7274,4.790175,1293.6413125,44.1263125,1806.8333625,1.0
nurse_rostering_growacq_obj_class_rel_dim_decision_tree_qgen.csv,growacq,nurse_rostering,obj_class,rel_dim,decision_tree,All 8,885.0,2415.25,2415.25,0.0,0.0,2410.25,2410.25,2.75,2.25,24.39785,0.23733749999999998,0.2604875,2.7978875,108.43645,27.004025,629.1682125,1.0
nurse_rostering_growacq_obj_class_rel_dim_block_decision_tree_qgen.csv,growacq,nurse_rostering,obj_class,rel_dim_block,decision_tree,All 8,885.0,2293.625,2293.625,0.0,0.0,2287.875,2287.875,3.375,2.375,24.6570375,0.24285,0.266,2.7017875,94.80913749999999,24.4830875,610.0804375,1.0
nurse_rostering_growacq_obj_proba_rel_dim_mlp_qgen.csv,growacq,nurse_rostering,obj_proba,rel_dim,mlp,All 8,885.0,2457.0,2457.0,0.0,0.0,2411.75,2411.75,33.75,11.5,24.1969,1.0171125,1.0469625,6.13925,2091.8186,22.5452375,2577.608375,1.0
nurse_rostering_growacq_obj_proba_rel_dim_block_mlp_qgen.csv,growacq,nurse_rostering,obj_proba,rel_dim_block,mlp,All 8,885.0,2336.75,2336.75,0.0,0.0,2284.625,2284.625,46.625,5.5,24.701787500000002,0.5989625000000001,0.6220125,4.372575,960.9704125,21.129125000000002,1453.4849625000002,1.0
nurse_rostering_growacq_obj_class_rel_dim_block_naive_bayes_qgen.csv,growacq,nurse_rostering,obj_class,rel_dim_block,naive_bayes,All 8,885.0,5241.25,5241.25,0.0,0.0,5231.0,5231.0,6.0,4.25,33.3679375,0.210775,0.22704999999999997,2.99455,311.9420625,50.2752,1189.9511375000002,1.0
